Country	Year	Prevalence of smoking any tobacco product among persons aged &gt;= 15 years_Male	Prevalence of smoking any tobacco product among persons aged &gt;= 15 years_Female	Prevalence of current tobacco use among adolescents aged 13-15 years_Male	Prevalence of current tobacco use among adolescents aged 13-15 years_Female
Albania	2025	48.3 [27.5-71.2]	5.8 [2.7-9.2]	NA	NA
Albania	2020	49.5 [30.7-66.3]	6.6 [3.8-10.0]	NA	NA
Albania	2015	51.2 [37.7-66.2]	7.6 [4.9-10.3]	NA	NA
Albania	2012	52.1 [40.3-64.9]	8.2 [5.7-10.8]	NA	NA
Albania	2010	53.1 [42.8-65.4]	8.7 [6.4-11.5]	NA	NA
Albania	2009	NA	NA	17.6	6.7
Albania	2005	54.7 [45.2-65.3]	10.1 [7.4-12.6]	NA	NA
Albania	2004	NA	NA	17.3	9.4
Albania	2003	NA	NA	21.9	12.5
Albania	2000	56.9 [44.7-69.2]	11.6 [8.4-14.9]	NA	NA
Algeria	2013	NA	NA	17.4	2.6
Andorra	2025	34.3 [19.2-55.6]	26.1 [11.6-41.0]	NA	NA
Andorra	2020	35.6 [22.3-52.4]	26.8 [15.1-40.1]	NA	NA
Andorra	2015	37.2 [24.2-49.1]	27.8 [18.2-38.4]	NA	NA
Andorra	2012	38.5 [28.6-50.1]	28.4 [18.8-36.7]	NA	NA
Andorra	2010	39.2 [30.2-51.0]	28.8 [20.9-38.1]	NA	NA
Andorra	2005	41.3 [32.4-52.0]	30.2 [22.5-39.1]	NA	NA
Andorra	2000	43.6 [32.3-56.3]	31.6 [22.6-41.6]	NA	NA
Antigua and Barbuda	2009	NA	NA	24.3	15.9
Antigua and Barbuda	2004	NA	NA	15.1	12.5
Antigua and Barbuda	2000	NA	NA	13.8	11.8
Argentina	2025	23.0 [15.0-31.6]	12.4 [7.8-17.7]	NA	NA
Argentina	2020	26.0 [18.7-34.1]	15.0 [10.4-19.8]	NA	NA
Argentina	2015	29.5 [23.4-36.7]	18.4 [14.4-23.3]	NA	NA
Argentina	2012	31.8 [26.5-38.8]	20.8 [17.1-25.4]	22.7	25.4
Argentina	2010	33.4 [27.9-39.5]	22.4 [17.9-26.6]	NA	NA
Argentina	2007	NA	NA	26.1	29.7
Argentina	2005	38.2 [31.0-45.9]	27.7 [22.1-32.9]	NA	NA
Argentina	2000	43.7 [31.8-53.5]	34.0 [26.0-42.8]	NA	NA
Armenia	2025	44.6 [32.1-59.1]	1.1 [0.6-1.6]	NA	NA
Armenia	2020	48.4 [35.9-61.5]	1.3 [0.9-1.8]	NA	NA
Armenia	2015	52.3 [41.9-63.2]	1.5 [1.2-2.0]	NA	NA
Armenia	2012	54.8 [45.0-65.0]	1.7 [1.4-2.1]	NA	NA
Armenia	2010	56.7 [46.0-66.0]	1.8 [1.5-2.3]	NA	NA
Armenia	2009	NA	NA	10.9	4.3
Armenia	2005	61.5 [52.1-72.5]	2.2 [1.8-2.7]	NA	NA
Armenia	2004	NA	NA	13	2.7
Armenia	2000	67.1 [54.9-80.0]	2.6 [2.0-3.2]	NA	NA
Australia	2025	12.3 [8.9-16.5]	9.2 [6.4-11.6]	NA	NA
Australia	2020	14.3 [10.7-17.9]	11.0 [8.4-13.7]	NA	NA
Australia	2015	16.7 [13.4-20.5]	13.1 [10.3-15.7]	NA	NA
Australia	2012	18.4 [14.6-21.8]	14.7 [12.2-17.5]	NA	NA
Australia	2010	19.6 [16.4-23.4]	15.8 [12.8-18.4]	NA	NA
Australia	2005	23.0 [18.8-26.7]	19.1 [15.7-22.7]	NA	NA
Australia	2000	27.1 [21.8-32.2]	22.8 [17.9-27.3]	NA	NA
Austria	2025	30.0 [16.9-46.9]	31.9 [14.9-50.6]	NA	NA
Austria	2020	32.7 [19.7-46.6]	33.3 [17.8-49.2]	NA	NA
Austria	2015	35.5 [24.0-49.2]	34.8 [20.8-48.4]	NA	NA
Austria	2012	37.4 [26.3-49.1]	35.9 [24.3-48.6]	NA	NA
Austria	2010	38.8 [27.1-49.9]	36.7 [25.5-48.9]	NA	NA
Austria	2005	42.3 [32.0-53.9]	38.4 [28.9-51.0]	NA	NA
Austria	2000	46.4 [34.5-61.3]	40.5 [29.3-53.0]	NA	NA
Azerbaijan	2025	40.6 [15.6-74.4]	0.3 [0.1-0.6]	NA	NA
Azerbaijan	2020	43.3 [19.7-77.4]	0.4 [0.1-0.6]	NA	NA
Azerbaijan	2015	46.5 [22.1-76.3]	0.4 [0.2-0.7]	NA	NA
Azerbaijan	2012	48.6 [24.0-81.3]	0.4 [0.2-0.7]	NA	NA
Azerbaijan	2011	NA	NA	11.4	2.1
Azerbaijan	2010	49.9 [25.4-80.1]	0.5 [0.2-0.8]	NA	NA
Azerbaijan	2005	54.1 [27.5-88.2]	0.5 [0.2-0.9]	NA	NA
Azerbaijan	2000	58.6 [34.0-100.0]	0.6 [0.3-1.1]	NA	NA
Bahamas	2013	NA	NA	16	10.7
Bahamas	2009	NA	NA	17.8	15.1
Bahamas	2004	NA	NA	12.9	10.2
Bahamas	2000	NA	NA	20	12.6
Bahrain	2025	86.1 [58.8-100.0]	10.8 [3.5-19.3]	NA	NA
Bahrain	2020	67.5 [45.4-100.0]	9.0 [4.2-14.9]	NA	NA
Bahrain	2015	48.8 [32.1-65.8]	7.6 [4.2-11.1]	NA	NA
Bahrain	2012	40.1 [28.2-51.4]	6.9 [4.4-9.7]	NA	NA
Bahrain	2010	34.8 [26.0-43.1]	6.5 [4.3-9.0]	NA	NA
Bahrain	2005	25.0 [19.4-29.8]	5.6 [4.0-7.3]	NA	NA
Bahrain	2003	NA	NA	33.5	11.9
Bahrain	2001	NA	NA	28	11.7
Bahrain	2000	18.2 [13.8-22.6]	4.8 [3.3-6.6]	NA	NA
Bangladesh	2025	29.5 [18.6-42.1]	0.2 [0.1-0.3]	NA	NA
Bangladesh	2020	34.3 [23.3-45.3]	0.3 [0.2-0.5]	NA	NA
Bangladesh	2015	39.8 [30.6-50.1]	0.7 [0.4-1.0]	NA	NA
Bangladesh	2013	NA	NA	9.2	2.8
Bangladesh	2012	43.7 [34.4-51.9]	1.1 [0.7-1.4]	NA	NA
Bangladesh	2010	46.6 [38.4-55.7]	1.4 [1.0-1.9]	NA	NA
Bangladesh	2007	NA	NA	9.1	5.1
Bangladesh	2005	54.2 [45.0-64.5]	3.0 [2.2-3.8]	NA	NA
Bangladesh	2000	63.7 [49.2-79.7]	6.3 [4.6-8.7]	NA	NA
Barbados	2025	13.2 [4.6-24.5]	0.7 [0.2-1.2]	NA	NA
Barbados	2020	13.0 [5.7-21.6]	0.8 [0.3-1.3]	NA	NA
Barbados	2015	13.1 [7.1-19.7]	0.9 [0.4-1.6]	NA	NA
Barbados	2012	13.2 [8.2-19.2]	1.1 [0.5-1.7]	NA	NA
Barbados	2010	13.2 [8.4-18.5]	1.2 [0.5-1.8]	NA	NA
Barbados	2007	NA	NA	34.5	23.2
Barbados	2005	13.5 [9.3-18.5]	1.4 [0.6-2.2]	NA	NA
Barbados	2002	NA	NA	16.9	12.9
Barbados	2000	13.8 [8.1-19.4]	1.8 [0.8-2.9]	NA	NA
Barbados	1999	NA	NA	15.9	17.7
Belarus	2025	37.6 [25.1-52.6]	9.2 [5.7-13.1]	NA	NA
Belarus	2020	41.7 [29.1-53.8]	9.8 [7.1-13.4]	NA	NA
Belarus	2015	46.2 [35.6-57.0]	10.6 [8.0-13.0]	NA	NA
Belarus	2012	49.4 [39.5-59.5]	11.0 [9.0-13.6]	NA	NA
Belarus	2010	51.3 [42.5-60.7]	11.4 [9.0-13.8]	NA	NA
Belarus	2005	57.6 [48.1-70.0]	12.3 [9.6-14.6]	NA	NA
Belarus	2004	NA	NA	31.6	22.2
Belarus	2000	64.1 [50.8-79.1]	13.4 [10.5-16.6]	NA	NA
Belgium	2025	22.2 [11.7-36.1]	17.8 [8.6-26.4]	NA	NA
Belgium	2020	24.2 [15.0-37.9]	18.9 [10.8-27.4]	NA	NA
Belgium	2015	26.5 [16.4-37.3]	20.0 [12.0-28.2]	NA	NA
Belgium	2012	28.0 [18.9-38.3]	20.9 [13.3-29.6]	NA	NA
Belgium	2010	29.1 [19.8-39.7]	21.3 [14.0-31.0]	NA	NA
Belgium	2005	32.1 [22.7-43.4]	22.7 [15.1-31.2]	NA	NA
Belgium	2000	35.6 [23.8-48.1]	24.3 [15.7-34.6]	NA	NA
Belize	2008	NA	NA	21.8	15.3
Belize	2002	NA	NA	22.6	13.5
Benin	2025	23.1 [12.6-37.4]	0.7 [0.3-1.2]	NA	NA
Benin	2020	20.2 [13.0-29.2]	0.8 [0.4-1.3]	NA	NA
Benin	2015	17.7 [12.7-23.1]	1.0 [0.6-1.4]	NA	NA
Benin	2012	16.4 [12.3-20.9]	1.1 [0.6-1.5]	NA	NA
Benin	2010	15.6 [11.4-20.1]	1.1 [0.7-1.6]	NA	NA
Benin	2005	13.8 [9.9-18.2]	1.3 [0.8-1.9]	NA	NA
Benin	2000	12.4 [7.6-17.6]	1.6 [0.8-2.4]	NA	NA
Bhutan	2013	NA	NA	39	23.2
Bhutan	2009	NA	NA	27.6	11.6
Bhutan	2006	NA	NA	28.6	12.4
Bhutan	2004	NA	NA	21.7	13.7
Bolivia (Plurinational State of)	2025	22.4 [7.0-42.1]	13.2 [5.5-23.1]	NA	NA
Bolivia (Plurinational State of)	2020	26.0 [11.0-46.0]	15.0 [6.6-24.0]	NA	NA
Bolivia (Plurinational State of)	2015	30.5 [14.7-50.6]	17.1 [9.0-26.5]	NA	NA
Bolivia (Plurinational State of)	2012	33.6 [18.0-53.5]	18.6 [11.1-28.7]	20.9	16.4
Bolivia (Plurinational State of)	2010	35.8 [19.8-55.5]	19.7 [11.9-29.0]	NA	NA
Bolivia (Plurinational State of)	2005	42.8 [27.5-63.5]	22.8 [14.4-32.4]	NA	NA
Bolivia (Plurinational State of)	2000	50.9 [33.7-73.4]	26.4 [16.2-38.2]	NA	NA
Bosnia and Herzegovina	2025	42.2 [21.8-65.5]	27.3 [14.1-43.2]	NA	NA
Bosnia and Herzegovina	2020	44.4 [27.9-66.2]	28.6 [16.8-41.5]	NA	NA
Bosnia and Herzegovina	2015	47.2 [32.2-63.3]	30.0 [20.0-40.4]	NA	NA
Bosnia and Herzegovina	2012	49.0 [37.1-64.5]	31.2 [23.2-40.7]	NA	NA
Bosnia and Herzegovina	2010	50.0 [37.0-63.0]	31.7 [24.2-41.0]	NA	NA
Bosnia and Herzegovina	2008	NA	NA	16.3	10.5
Bosnia and Herzegovina	2005	53.8 [41.7-65.5]	33.6 [26.2-41.5]	NA	NA
Bosnia and Herzegovina	2003	NA	NA	15.1	9.9
Bosnia and Herzegovina	2000	57.7 [43.9-72.6]	35.9 [26.1-44.6]	NA	NA
Botswana	2008	NA	NA	27	20.5
Botswana	2002	NA	NA	17.1	13.7
Brazil	2025	14.9 [8.8-22.0]	8.4 [4.5-12.7]	NA	NA
Brazil	2020	16.9 [11.4-23.1]	9.7 [6.2-13.8]	NA	NA
Brazil	2015	19.3 [14.6-24.4]	11.3 [8.2-14.6]	NA	NA
Brazil	2012	21.0 [15.8-25.4]	12.4 [9.7-15.5]	NA	NA
Brazil	2010	22.2 [18.0-27.0]	13.3 [10.7-16.2]	NA	NA
Brazil	2005	25.4 [20.4-30.3]	15.6 [12.7-19.1]	NA	NA
Brazil	2000	29.4 [22.2-37.3]	18.5 [14.2-23.5]	NA	NA
Brunei Darussalam	2025	30.3 [8.2-65.8]	2.4 [0.5-5.0]	NA	NA
Brunei Darussalam	2020	29.8 [10.5-59.2]	2.7 [0.8-5.3]	NA	NA
Brunei Darussalam	2015	29.3 [11.1-51.1]	3.1 [1.0-5.7]	NA	NA
Brunei Darussalam	2013	NA	NA	17.1	6.7
Brunei Darussalam	2012	29.2 [13.2-49.7]	3.4 [1.3-6.0]	NA	NA
Brunei Darussalam	2010	29.1 [14.3-48.3]	3.6 [1.6-6.6]	NA	NA
Brunei Darussalam	2005	29.2 [15.5-45.9]	4.3 [2.1-7.3]	NA	NA
Brunei Darussalam	2000	29.5 [15.5-47.0]	5.1 [2.5-8.6]	NA	NA
Bulgaria	2025	34.7 [20.3-50.6]	22.1 [12.0-34.6]	NA	NA
Bulgaria	2020	38.4 [25.6-50.9]	24.9 [15.4-34.7]	NA	NA
Bulgaria	2015	42.4 [32.5-54.6]	28.2 [20.2-37.0]	NA	NA
Bulgaria	2012	45.2 [34.8-54.7]	30.4 [23.4-39.2]	NA	NA
Bulgaria	2010	47.1 [38.2-56.8]	32.0 [24.8-39.2]	NA	NA
Bulgaria	2008	NA	NA	26.4	31.8
Bulgaria	2005	52.7 [42.3-64.6]	36.4 [27.4-45.1]	NA	NA
Bulgaria	2002	NA	NA	28.6	39.2
Bulgaria	2000	58.8 [42.7-75.2]	42.0 [29.0-55.4]	NA	NA
Burkina Faso	2025	48.9 [21.4-82.9]	3.0 [0.9-5.6]	NA	NA
Burkina Faso	2020	41.8 [23.3-65.4]	3.6 [1.4-6.3]	NA	NA
Burkina Faso	2015	36.0 [21.7-50.9]	4.5 [2.3-7.2]	NA	NA
Burkina Faso	2012	33.1 [23.1-45.8]	5.1 [2.7-7.8]	NA	NA
Burkina Faso	2010	31.1 [22.8-42.1]	5.5 [3.3-8.5]	NA	NA
Burkina Faso	2005	27.0 [20.2-34.6]	6.9 [4.3-10.0]	NA	NA
Burkina Faso	2000	23.6 [17.4-31.0]	8.6 [5.0-12.7]	NA	NA
Burundi	2008	NA	NA	20.7	16.8
Cabo Verde	2025	30.7 [13.3-54.3]	2.6 [1.0-4.7]	NA	NA
Cabo Verde	2020	26.0 [13.2-42.3]	3.0 [1.2-5.0]	NA	NA
Cabo Verde	2015	22.2 [12.8-34.2]	3.5 [1.9-5.6]	NA	NA
Cabo Verde	2012	20.2 [11.6-29.2]	3.9 [2.3-5.9]	NA	NA
Cabo Verde	2010	19.1 [12.0-28.1]	4.1 [2.4-6.2]	NA	NA
Cabo Verde	2007	NA	NA	14.7	11.7
Cabo Verde	2005	16.5 [9.6-23.2]	4.9 [3.0-7.1]	NA	NA
Cabo Verde	2000	14.4 [8.6-21.5]	5.9 [3.5-8.8]	NA	NA
Cambodia	2025	41.1 [20.6-67.9]	1.4 [0.8-2.1]	NA	NA
Cambodia	2020	42.5 [25.6-63.1]	2.0 [1.4-2.7]	NA	NA
Cambodia	2015	44.1 [30.7-59.4]	2.8 [2.1-3.6]	NA	NA
Cambodia	2012	45.2 [33.4-58.2]	3.5 [2.6-4.3]	NA	NA
Cambodia	2010	46.0 [34.2-57.9]	4.0 [3.2-4.9]	7.9	5
Cambodia	2005	48.4 [36.3-59.3]	5.7 [4.4-6.7]	NA	NA
Cambodia	2003	NA	NA	7.2	3
Cambodia	2000	51.2 [34.4-68.0]	8.1 [6.1-10.1]	NA	NA
Cameroon	2025	87.2 [60.5-100.0]	0.9 [0.3-1.9]	NA	NA
Cameroon	2020	65.9 [42.3-100.0]	0.9 [0.3-1.8]	NA	NA
Cameroon	2015	43.8 [27.0-64.7]	0.9 [0.4-1.7]	NA	NA
Cameroon	2012	33.7 [20.8-48.7]	0.9 [0.3-1.6]	NA	NA
Cameroon	2010	28.5 [17.0-41.0]	0.9 [0.3-1.6]	NA	NA
Cameroon	2005	18.7 [11.4-28.7]	0.9 [0.3-1.6]	NA	NA
Cameroon	2000	12.3 [6.6-19.3]	0.9 [0.4-1.6]	NA	NA
Canada	2025	12.6 [9.5-15.5]	7.3 [5.7-9.1]	NA	NA
Canada	2020	14.8 [11.7-18.1]	9.4 [7.4-11.4]	NA	NA
Canada	2015	17.7 [14.5-21.1]	12.2 [10.2-14.5]	NA	NA
Canada	2012	19.5 [16.2-22.9]	14.2 [11.7-16.8]	NA	NA
Canada	2010	20.9 [17.4-24.4]	15.8 [13.4-18.6]	NA	NA
Canada	2005	24.8 [21.5-29.1]	20.4 [17.2-23.8]	NA	NA
Canada	2000	29.4 [24.6-34.1]	26.5 [22.4-30.6]	NA	NA
Chad	2008	NA	NA	20.9	13.9
Chile	2025	35.2 [18.8-53.1]	32.1 [18.1-49.7]	NA	NA
Chile	2020	37.6 [24.3-53.9]	34.1 [21.6-49.0]	NA	NA
Chile	2015	40.0 [28.1-53.3]	36.0 [26.0-48.2]	NA	NA
Chile	2012	41.7 [31.9-55.8]	37.4 [28.7-48.8]	NA	NA
Chile	2010	42.8 [32.4-54.5]	38.3 [28.6-48.4]	NA	NA
Chile	2005	46.2 [34.8-57.4]	40.8 [31.1-50.4]	NA	NA
Chile	2000	49.9 [36.6-63.6]	43.6 [30.8-56.2]	NA	NA
China	2025	43.8 [27.5-60.7]	1.1 [0.7-1.6]	NA	NA
China	2020	45.7 [33.4-60.3]	1.4 [0.9-1.9]	NA	NA
China	2015	47.6 [36.7-58.6]	1.8 [1.3-2.2]	NA	NA
China	2014	NA	NA	11.2	2.2
China	2012	49.0 [39.2-58.8]	2.0 [1.6-2.4]	NA	NA
China	2010	50.1 [41.0-60.3]	2.2 [1.7-2.6]	NA	NA
China	2005	52.9 [42.4-63.8]	2.8 [2.1-3.4]	NA	NA
China	2000	55.8 [42.7-71.9]	3.5 [2.6-4.5]	NA	NA
Colombia	2025	12.4 [4.2-24.4]	4.4 [1.3-8.3]	NA	NA
Colombia	2020	14.0 [5.1-24.5]	5.2 [2.1-9.4]	NA	NA
Colombia	2015	16.0 [7.3-27.6]	6.2 [2.8-10.9]	NA	NA
Colombia	2012	17.2 [8.0-29.1]	6.9 [3.5-12.3]	NA	NA
Colombia	2010	18.3 [8.8-30.6]	7.4 [3.3-12.6]	NA	NA
Colombia	2005	21.1 [10.2-35.8]	8.8 [4.3-15.7]	NA	NA
Colombia	2000	24.5 [10.8-42.4]	10.6 [5.0-18.3]	NA	NA
Comoros	2025	19.7 [9.2-31.7]	3.5 [1.1-6.4]	NA	NA
Comoros	2020	21.2 [11.8-31.9]	4.6 [1.7-7.5]	NA	NA
Comoros	2015	23.1 [15.2-31.8]	6.0 [3.0-9.7]	NA	NA
Comoros	2012	24.4 [16.9-32.5]	7.1 [4.0-11.1]	NA	NA
Comoros	2010	25.2 [18.0-32.2]	7.9 [4.4-11.9]	NA	NA
Comoros	2007	NA	NA	21.8	14.8
Comoros	2005	27.7 [21.3-35.2]	10.5 [6.5-15.9]	NA	NA
Comoros	2000	30.6 [21.3-40.1]	14.0 [8.4-21.0]	NA	NA
Congo	2025	92.9 [69.1-100.0]	1.9 [0.7-3.5]	NA	NA
Congo	2020	69.6 [45.6-97.6]	1.8 [0.8-3.1]	NA	NA
Congo	2015	43.2 [29.0-58.9]	1.7 [0.8-2.8]	NA	NA
Congo	2012	32.1 [22.9-41.9]	1.7 [0.9-2.7]	NA	NA
Congo	2010	26.4 [18.7-33.2]	1.7 [0.9-2.6]	NA	NA
Congo	2009	NA	NA	27.6	20.4
Congo	2006	NA	NA	26.1	21.9
Congo	2005	16.2 [12.1-21.1]	1.6 [0.9-2.6]	NA	NA
Congo	2000	10.1 [6.6-13.8]	1.6 [0.8-2.5]	NA	NA
Cook Islands	2008	NA	NA	33.7	36.3
Cook Islands	2003	NA	NA	39.9	49.6
Costa Rica	2025	14.8 [4.3-27.8]	6.3 [1.9-12.0]	NA	NA
Costa Rica	2020	16.5 [6.6-27.8]	7.2 [3.2-13.1]	NA	NA
Costa Rica	2015	18.5 [10.2-29.2]	8.3 [4.2-13.9]	NA	NA
Costa Rica	2012	19.8 [11.1-29.7]	9.2 [4.7-14.2]	NA	NA
Costa Rica	2010	20.9 [12.2-29.4]	9.8 [5.3-14.7]	NA	NA
Costa Rica	2008	NA	NA	15.9	13.1
Costa Rica	2005	23.7 [16.1-33.6]	11.7 [6.8-17.7]	NA	NA
Costa Rica	2002	NA	NA	18.5	18.6
Costa Rica	2000	27.5 [18.1-40.2]	14.1 [7.5-22.1]	NA	NA
CÃ´te d'Ivoire	2009	NA	NA	26.3	10.9
Croatia	2025	39.3 [23.2-59.2]	38.5 [23.0-57.2]	NA	NA
Croatia	2020	39.3 [26.3-54.1]	36.1 [22.6-48.7]	NA	NA
Croatia	2015	39.4 [28.2-50.1]	33.5 [24.9-43.4]	NA	NA
Croatia	2012	39.4 [29.4-49.2]	32.3 [24.8-40.5]	NA	NA
Croatia	2011	NA	NA	28.6	27.9
Croatia	2010	39.4 [30.8-48.4]	31.6 [24.8-39.3]	NA	NA
Croatia	2007	NA	NA	23.3	25.6
Croatia	2005	39.8 [31.9-47.4]	29.6 [23.6-36.7]	NA	NA
Croatia	2003	NA	NA	20.7	16.8
Croatia	2000	40.3 [31.2-49.5]	28.0 [21.0-35.0]	NA	NA
Cuba	2025	52.1 [19.6-100.0]	12.9 [2.7-26.8]	NA	NA
Cuba	2020	52.6 [24.3-100.0]	15.1 [3.9-27.8]	NA	NA
Cuba	2015	52.7 [23.7-91.0]	17.8 [7.5-31.8]	NA	NA
Cuba	2012	53.2 [25.7-86.2]	19.8 [8.8-33.2]	NA	NA
Cuba	2010	53.2 [28.0-85.1]	21.3 [10.8-34.6]	19.8	15
Cuba	2005	54.0 [34.3-80.9]	25.6 [15.5-40.0]	NA	NA
Cuba	2000	54.7 [33.2-77.6]	31.1 [18.6-47.0]	NA	NA
Cyprus	2011	NA	NA	28.7	10.8
Cyprus	2005	NA	NA	13.2	8.4
Czechia	2025	35.7 [24.0-49.6]	28.8 [18.2-39.9]	NA	NA
Czechia	2020	36.5 [26.3-46.7]	28.9 [20.1-38.6]	NA	NA
Czechia	2015	37.4 [29.3-46.4]	29.0 [21.7-36.0]	NA	NA
Czechia	2012	38.0 [31.4-47.1]	28.9 [23.0-35.1]	NA	NA
Czechia	2011	NA	NA	35	37.8
Czechia	2010	38.5 [31.3-45.9]	29.2 [23.1-34.7]	NA	NA
Czechia	2007	NA	NA	35.8	34.1
Czechia	2005	39.5 [31.8-46.7]	29.4 [24.7-34.7]	NA	NA
Czechia	2002	NA	NA	35.5	33.6
Czechia	2000	40.7 [33.4-49.5]	29.7 [23.9-36.1]	NA	NA
Denmark	2025	10.2 [5.6-14.8]	10.1 [6.3-13.9]	NA	NA
Denmark	2020	13.4 [9.2-18.4]	12.9 [9.1-17.6]	NA	NA
Denmark	2015	17.6 [13.4-22.2]	16.4 [12.5-20.1]	NA	NA
Denmark	2012	21.0 [16.4-25.4]	19.0 [15.1-23.4]	NA	NA
Denmark	2010	23.4 [18.4-27.9]	20.9 [17.0-25.6]	NA	NA
Denmark	2005	31.1 [25.0-36.9]	27.0 [21.9-32.6]	NA	NA
Denmark	2000	41.6 [31.7-51.5]	34.6 [26.7-42.2]	NA	NA
Djibouti	2013	NA	NA	18.6	15.2
Djibouti	2009	NA	NA	22.7	14.3
Djibouti	2003	NA	NA	17.9	10.7
Dominica	2009	NA	NA	30.4	19.8
Dominica	2004	NA	NA	19.3	13.5
Dominican Republic	2025	17.6 [7.0-31.6]	7.1 [2.3-12.1]	NA	NA
Dominican Republic	2020	18.1 [9.2-29.3]	8.2 [3.9-13.0]	NA	NA
Dominican Republic	2015	18.8 [12.0-26.9]	9.4 [5.4-13.3]	NA	NA
Dominican Republic	2012	19.1 [13.3-26.1]	10.3 [7.1-14.4]	NA	NA
Dominican Republic	2011	NA	NA	24.3	14
Dominican Republic	2010	19.5 [14.2-25.3]	10.9 [7.5-14.2]	NA	NA
Dominican Republic	2005	20.4 [16.3-25.6]	12.9 [10.1-16.5]	NA	NA
Dominican Republic	2004	NA	NA	18.4	11.9
Dominican Republic	2000	21.7 [16.1-28.1]	15.2 [11.2-19.2]	NA	NA
Ecuador	2025	11.0 [3.4-19.3]	2.5 [0.6-4.5]	NA	NA
Ecuador	2020	12.3 [5.7-20.5]	2.8 [1.0-4.8]	NA	NA
Ecuador	2015	14.0 [7.4-21.1]	3.3 [1.4-5.3]	NA	NA
Ecuador	2012	15.1 [9.1-21.6]	3.6 [1.9-5.6]	NA	NA
Ecuador	2010	15.9 [10.2-21.9]	3.8 [1.9-5.9]	NA	NA
Ecuador	2005	18.4 [13.0-24.0]	4.5 [2.6-6.5]	NA	NA
Ecuador	2000	21.4 [15.6-28.7]	5.3 [3.0-7.7]	NA	NA
Egypt	2025	63.1 [31.4-94.2]	0.1 [0.1-0.3]	NA	NA
Egypt	2020	56.3 [34.9-85.0]	0.2 [0.1-0.3]	NA	NA
Egypt	2015	49.9 [35.0-65.6]	0.3 [0.2-0.5]	NA	NA
Egypt	2012	45.9 [35.7-57.2]	0.4 [0.3-0.6]	NA	NA
Egypt	2010	43.9 [35.0-52.9]	0.5 [0.3-0.7]	NA	NA
Egypt	2009	NA	NA	20	3.8
Egypt	2005	39.3 [31.1-48.7]	0.8 [0.5-1.1]	16	7.6
Egypt	2000	35.5 [23.6-48.4]	1.2 [0.6-1.8]	NA	NA
El Salvador	2009	NA	NA	18.2	11
El Salvador	2003	NA	NA	24.4	15.4
Equatorial Guinea	2008	NA	NA	25.1	17.3
Eritrea	2006	NA	NA	7.8	4.6
Estonia	2025	34.2 [22.7-48.0]	23.7 [15.6-31.9]	NA	NA
Estonia	2020	37.5 [27.7-49.4]	24.3 [17.9-32.0]	NA	NA
Estonia	2015	41.2 [32.2-51.1]	24.9 [19.2-31.1]	NA	NA
Estonia	2012	43.6 [35.0-52.3]	25.4 [20.3-31.0]	NA	NA
Estonia	2010	45.2 [36.9-54.2]	25.6 [21.3-31.3]	NA	NA
Estonia	2007	NA	NA	33.8	27.8
Estonia	2005	49.9 [41.1-59.7]	26.5 [21.2-31.1]	NA	NA
Estonia	2003	NA	NA	31.2	27.3
Estonia	2000	55.3 [44.5-66.6]	27.4 [22.3-33.1]	NA	NA
Eswatini	2025	21.8 [10.5-36.3]	1.8 [0.7-3.3]	NA	NA
Eswatini	2020	20.3 [11.9-31.3]	2.0 [1.0-3.3]	NA	NA
Eswatini	2015	19.0 [13.2-26.7]	2.2 [1.3-3.4]	NA	NA
Eswatini	2012	18.2 [13.1-23.8]	2.4 [1.4-3.4]	NA	NA
Eswatini	2010	17.8 [13.2-22.2]	2.5 [1.6-3.5]	NA	NA
Eswatini	2009	NA	NA	15.8	8.6
Eswatini	2005	16.8 [13.2-21.0]	2.8 [1.9-3.9]	14.7	9
Eswatini	2001	NA	NA	16.5	7.7
Eswatini	2000	15.9 [11.9-20.4]	3.2 [2.0-4.5]	NA	NA
Ethiopia	2025	9.1 [4.8-14.0]	0.4 [0.1-0.8]	NA	NA
Ethiopia	2020	9.0 [5.5-12.9]	0.5 [0.2-0.8]	NA	NA
Ethiopia	2015	8.9 [6.0-12.1]	0.5 [0.2-0.8]	NA	NA
Ethiopia	2012	8.9 [6.4-11.9]	0.5 [0.2-0.8]	NA	NA
Ethiopia	2010	9.0 [6.6-11.6]	0.5 [0.3-0.8]	NA	NA
Ethiopia	2005	9.1 [6.7-12.1]	0.6 [0.3-0.9]	NA	NA
Ethiopia	2000	9.0 [6.3-12.4]	0.6 [0.3-1.0]	NA	NA
Fiji	2025	33.3 [7.4-66.7]	11.4 [2.9-23.5]	NA	NA
Fiji	2020	35.8 [10.2-66.3]	11.9 [4.2-22.4]	NA	NA
Fiji	2015	38.7 [15.1-66.1]	12.4 [5.5-21.5]	NA	NA
Fiji	2012	40.6 [18.1-63.9]	12.8 [6.1-20.9]	NA	NA
Fiji	2010	42.3 [19.3-64.9]	13.1 [6.8-21.1]	NA	NA
Fiji	2009	NA	NA	17.5	10.1
Fiji	2005	46.4 [25.4-69.0]	14.1 [8.5-21.4]	11.6	10.2
Fiji	2000	52.0 [31.5-79.5]	15.2 [8.5-22.7]	NA	NA
Finland	2025	18.3 [12.4-23.7]	15.0 [11.0-19.5]	NA	NA
Finland	2020	20.6 [15.7-25.8]	16.7 [12.9-21.0]	NA	NA
Finland	2015	23.2 [18.6-27.6]	18.5 [14.6-22.2]	NA	NA
Finland	2012	25.0 [20.7-29.6]	19.6 [16.1-23.4]	NA	NA
Finland	2010	26.3 [22.1-31.2]	20.6 [17.0-24.2]	NA	NA
Finland	2005	29.9 [24.5-35.1]	22.8 [18.9-27.0]	NA	NA
Finland	2000	33.8 [27.2-39.7]	25.7 [20.5-30.8]	NA	NA
France	2025	25.7 [15.3-38.2]	24.4 [14.3-36.7]	NA	NA
France	2020	27.7 [18.6-39.1]	24.9 [16.3-35.3]	NA	NA
France	2015	29.8 [21.2-38.7]	25.6 [18.0-34.4]	NA	NA
France	2012	31.1 [23.0-40.3]	25.8 [19.4-33.4]	NA	NA
France	2010	32.1 [24.4-41.5]	26.2 [18.5-32.7]	NA	NA
France	2005	34.8 [27.4-44.3]	26.8 [20.8-33.5]	NA	NA
France	2000	37.7 [26.8-47.6]	27.8 [21.5-36.0]	NA	NA
Georgia	2025	54.8 [30.8-80.1]	5.3 [2.9-8.1]	NA	NA
Georgia	2020	56.0 [37.6-78.8]	5.5 [3.6-7.9]	NA	NA
Georgia	2015	57.7 [43.0-76.2]	5.7 [4.0-7.5]	NA	NA
Georgia	2014	NA	NA	16.5	7.8
Georgia	2012	58.6 [44.0-72.3]	5.8 [4.4-7.5]	NA	NA
Georgia	2010	59.6 [47.5-74.1]	6.0 [4.5-7.4]	NA	NA
Georgia	2008	NA	NA	15.2	2.8
Georgia	2005	61.4 [49.2-74.8]	6.2 [4.9-7.6]	NA	NA
Georgia	2003	NA	NA	36.4	13.6
Georgia	2000	63.4 [49.6-78.7]	6.5 [5.0-8.2]	NA	NA
Germany	2025	29.1 [20.4-38.3]	27.0 [18.2-35.3]	NA	NA
Germany	2020	30.7 [23.5-39.0]	27.7 [20.5-35.0]	NA	NA
Germany	2015	32.4 [26.1-39.1]	28.3 [22.1-34.2]	NA	NA
Germany	2012	33.6 [27.1-40.4]	28.7 [24.0-34.7]	NA	NA
Germany	2010	34.3 [28.1-40.7]	29.0 [24.0-34.4]	NA	NA
Germany	2005	36.1 [30.2-42.1]	29.6 [24.7-34.8]	NA	NA
Germany	2000	38.4 [31.3-45.2]	30.4 [24.9-35.6]	NA	NA
Ghana	2025	17.0 [7.3-29.2]	0.3 [0.1-0.6]	NA	NA
Ghana	2020	14.9 [7.7-23.7]	0.4 [0.2-0.6]	NA	NA
Ghana	2015	13.1 [7.4-18.6]	0.4 [0.2-0.7]	NA	NA
Ghana	2012	12.1 [8.2-17.3]	0.5 [0.3-0.7]	NA	NA
Ghana	2010	11.6 [8.2-15.9]	0.5 [0.3-0.7]	NA	NA
Ghana	2009	NA	NA	14.1	10.6
Ghana	2006	NA	NA	11.6	10.9
Ghana	2005	10.3 [7.5-13.5]	0.6 [0.4-0.9]	NA	NA
Ghana	2000	9.2 [6.4-12.4]	0.8 [0.5-1.1]	16.2	17.4
Greece	2025	47.7 [24.1-70.7]	28.3 [12.4-45.6]	NA	NA
Greece	2020	49.7 [31.3-69.7]	30.2 [15.6-44.7]	NA	NA
Greece	2015	52.6 [34.4-68.5]	32.7 [19.6-48.4]	NA	NA
Greece	2013	NA	NA	19.3	13.3
Greece	2012	54.3 [39.0-71.6]	34.2 [21.8-49.5]	NA	NA
Greece	2010	55.6 [41.5-73.8]	35.2 [22.8-51.0]	NA	NA
Greece	2005	59.3 [40.4-79.3]	38.6 [23.4-55.0]	17.1	14.4
Greece	2000	63.0 [38.2-87.6]	42.4 [24.9-64.9]	NA	NA
Grenada	2009	NA	NA	24.5	16.7
Grenada	2004	NA	NA	17.6	15.7
Guatemala	2008	NA	NA	19.7	13.3
Guinea	2008	NA	NA	30.8	20
Guyana	2010	NA	NA	25.3	16
Guyana	2004	NA	NA	17.6	12.2
Haiti	2025	25.8 [9.5-45.2]	2.0 [0.7-3.7]	NA	NA
Haiti	2020	23.7 [11.4-39.5]	2.2 [1.0-3.8]	NA	NA
Haiti	2015	22.1 [12.4-32.7]	2.5 [1.3-4.0]	NA	NA
Haiti	2012	21.2 [12.9-31.0]	2.7 [1.7-4.2]	NA	NA
Haiti	2010	20.7 [13.8-30.2]	2.9 [1.7-4.2]	NA	NA
Haiti	2005	19.4 [13.3-26.8]	3.3 [2.2-4.8]	20.3	19.2
Haiti	2000	18.4 [11.4-25.8]	3.8 [2.2-5.4]	NA	NA
Honduras	2025	23.8 [10.2-41.2]	1.4 [0.5-2.6]	NA	NA
Honduras	2020	27.8 [14.8-42.1]	1.7 [0.8-2.9]	NA	NA
Honduras	2015	33.3 [22.1-45.1]	2.1 [1.2-3.5]	NA	NA
Honduras	2012	37.2 [26.6-49.3]	2.4 [1.4-3.7]	NA	NA
Honduras	2010	40.3 [28.6-55.2]	2.7 [1.6-4.0]	NA	NA
Honduras	2005	49.2 [29.0-73.2]	3.3 [1.7-5.2]	NA	NA
Honduras	2000	60.2 [34.4-100.0]	4.2 [1.7-7.1]	NA	NA
Hungary	2025	25.3 [15.9-36.2]	20.2 [11.8-28.8]	NA	NA
Hungary	2020	28.3 [20.2-38.6]	22.4 [14.7-30.0]	NA	NA
Hungary	2015	32.0 [23.8-40.3]	24.8 [18.8-32.4]	NA	NA
Hungary	2013	NA	NA	33	28
Hungary	2012	34.5 [26.5-42.4]	26.5 [19.4-32.8]	40.6	30.3
Hungary	2010	35.9 [29.3-44.5]	27.5 [21.3-34.2]	NA	NA
Hungary	2008	NA	NA	27.9	26.7
Hungary	2005	40.6 [32.3-48.3]	30.8 [24.5-37.3]	NA	NA
Hungary	2003	NA	NA	28	26.9
Hungary	2000	46.1 [36.4-58.3]	34.4 [26.9-43.3]	NA	NA
Iceland	2025	11.3 [4.9-18.6]	10.6 [5.3-17.2]	NA	NA
Iceland	2020	13.7 [7.9-21.2]	12.6 [7.3-18.3]	NA	NA
Iceland	2015	17.0 [11.2-24.4]	15.1 [10.3-21.1]	NA	NA
Iceland	2012	19.3 [13.3-26.2]	16.9 [11.9-21.7]	NA	NA
Iceland	2010	21.1 [14.8-27.7]	18.1 [13.0-23.2]	NA	NA
Iceland	2005	26.5 [18.5-34.9]	22.1 [16.2-28.1]	NA	NA
Iceland	2000	33.5 [21.7-48.3]	27.1 [17.7-37.2]	NA	NA
India	2025	14.7 [6.4-25.1]	0.8 [0.4-1.3]	NA	NA
India	2020	17.2 [9.6-25.6]	1.2 [0.7-1.8]	NA	NA
India	2015	20.4 [14.5-27.3]	1.9 [1.4-2.5]	NA	NA
India	2012	22.8 [17.8-28.0]	2.4 [1.9-3.0]	NA	NA
India	2010	24.4 [19.8-29.2]	2.9 [2.3-3.6]	NA	NA
India	2009	NA	NA	19	8.3
India	2006	NA	NA	16.8	9.4
India	2005	29.5 [23.1-36.1]	4.6 [3.6-5.8]	NA	NA
India	2003	NA	NA	21.6	9.7
India	2000	35.9 [24.7-49.3]	7.3 [4.7-9.9]	NA	NA
Indonesia	2025	87.2 [63.9-100.0]	2.6 [1.5-3.8]	NA	NA
Indonesia	2020	82.7 [62.5-100.0]	3.0 [2.0-4.1]	NA	NA
Indonesia	2015	76.2 [59.5-95.5]	3.6 [2.6-4.5]	NA	NA
Indonesia	2014	NA	NA	36.2	4.3
Indonesia	2012	71.8 [56.5-88.4]	4.0 [3.2-4.9]	NA	NA
Indonesia	2010	68.4 [55.9-83.5]	4.2 [3.5-5.3]	NA	NA
Indonesia	2005	62.0 [49.4-75.5]	5.0 [4.0-6.2]	NA	NA
Indonesia	2000	56.2 [42.0-73.7]	6.0 [4.5-7.6]	NA	NA
Iran (Islamic Republic of)	2025	17.7 [8.4-28.7]	0.2 [0.1-0.4]	NA	NA
Iran (Islamic Republic of)	2020	19.4 [11.2-28.0]	0.4 [0.2-0.6]	NA	NA
Iran (Islamic Republic of)	2015	21.5 [15.5-28.8]	0.7 [0.4-1.1]	NA	NA
Iran (Islamic Republic of)	2012	22.9 [17.7-28.6]	1.1 [0.8-1.5]	NA	NA
Iran (Islamic Republic of)	2010	23.8 [18.9-28.8]	1.5 [1.0-1.9]	NA	NA
Iran (Islamic Republic of)	2007	NA	NA	32.9	19.5
Iran (Islamic Republic of)	2005	26.8 [21.2-33.2]	2.9 [2.1-3.8]	NA	NA
Iran (Islamic Republic of)	2003	NA	NA	17.6	8.9
Iran (Islamic Republic of)	2000	30.2 [21.7-41.0]	5.8 [3.8-8.1]	NA	NA
Iraq	2012	NA	NA	12.1	4.6
Ireland	2025	17.8 [8.4-28.4]	18.0 [9.6-29.7]	NA	NA
Ireland	2020	20.0 [11.3-29.7]	19.8 [11.6-28.7]	NA	NA
Ireland	2015	22.4 [15.0-29.7]	21.9 [15.7-30.1]	NA	NA
Ireland	2012	24.2 [18.4-30.9]	23.5 [17.7-30.2]	NA	NA
Ireland	2010	25.5 [20.0-31.9]	24.4 [18.8-30.9]	NA	NA
Ireland	2005	28.9 [23.5-35.0]	27.3 [21.4-32.5]	NA	NA
Ireland	2000	33.1 [25.1-42.1]	30.5 [22.5-37.8]	NA	NA
Israel	2025	41.1 [18.1-69.9]	17.9 [8.4-29.3]	NA	NA
Israel	2020	41.0 [21.8-63.7]	18.7 [9.7-28.0]	NA	NA
Israel	2015	41.2 [27.0-57.6]	19.3 [11.8-26.7]	NA	NA
Israel	2012	41.7 [29.0-56.4]	20.1 [13.2-26.7]	NA	NA
Israel	2010	41.8 [32.3-55.3]	20.4 [14.5-26.7]	NA	NA
Israel	2005	42.5 [32.7-52.3]	21.6 [16.3-28.0]	NA	NA
Israel	2000	43.6 [32.2-55.3]	22.8 [15.8-28.8]	NA	NA
Italy	2025	25.8 [18.4-32.2]	19.6 [14.9-25.2]	NA	NA
Italy	2020	26.9 [20.8-32.2]	19.6 [15.2-24.1]	NA	NA
Italy	2015	28.3 [23.6-33.9]	19.7 [16.6-23.8]	NA	NA
Italy	2014	NA	NA	20.6	26.3
Italy	2012	29.1 [23.7-33.3]	19.8 [16.7-23.4]	NA	NA
Italy	2010	29.7 [25.0-34.7]	19.8 [16.6-23.2]	19.4	21.6
Italy	2005	31.2 [26.4-36.6]	20.1 [17.0-23.5]	NA	NA
Italy	2000	32.9 [26.6-38.6]	20.2 [16.9-24.0]	NA	NA
Jamaica	2025	31.7 [9.8-59.6]	4.6 [1.3-8.9]	NA	NA
Jamaica	2020	30.7 [12.4-52.2]	5.2 [2.1-9.1]	NA	NA
Jamaica	2015	29.9 [13.6-45.8]	5.9 [2.9-9.5]	NA	NA
Jamaica	2012	29.5 [17.6-44.6]	6.4 [3.4-9.7]	NA	NA
Jamaica	2010	29.3 [18.0-42.6]	6.7 [3.6-9.9]	31.3	24.6
Jamaica	2006	NA	NA	24	15.3
Jamaica	2005	28.9 [18.1-40.4]	7.8 [4.8-11.0]	NA	NA
Jamaica	2000	29.0 [18.1-41.0]	8.9 [5.1-12.6]	24.4	14.5
Japan	2025	25.5 [16.2-34.8]	8.7 [5.3-12.4]	NA	NA
Japan	2020	29.2 [20.5-38.4]	9.6 [6.4-12.9]	NA	NA
Japan	2015	33.7 [25.9-41.6]	10.6 [8.0-13.4]	NA	NA
Japan	2012	36.3 [28.9-44.0]	11.3 [8.4-13.6]	NA	NA
Japan	2010	38.4 [30.9-45.2]	11.7 [9.5-14.2]	NA	NA
Japan	2005	44.4 [37.3-52.2]	13.0 [10.4-15.5]	NA	NA
Japan	2000	51.3 [41.8-61.7]	14.4 [11.8-17.8]	NA	NA
Jordan	2025	86.5 [51.6-100.0]	13.8 [5.9-22.9]	NA	NA
Jordan	2020	80.4 [51.2-100.0]	12.1 [6.7-18.1]	NA	NA
Jordan	2015	70.2 [46.6-97.0]	10.7 [6.8-15.3]	NA	NA
Jordan	2012	63.6 [42.9-86.0]	10.0 [6.6-13.9]	NA	NA
Jordan	2010	58.9 [40.6-76.6]	9.5 [6.6-13.0]	NA	NA
Jordan	2009	NA	NA	34.1	19.4
Jordan	2007	NA	NA	33.7	26.1
Jordan	2005	49.6 [35.1-63.6]	8.5 [6.0-12.0]	NA	NA
Jordan	2003	NA	NA	31.6	24
Jordan	2000	42.0 [26.0-58.4]	7.7 [4.6-11.0]	NA	NA
Kazakhstan	2025	37.2 [20.4-54.5]	8.2 [3.9-13.1]	NA	NA
Kazakhstan	2020	40.3 [27.3-55.6]	8.7 [4.7-12.6]	NA	NA
Kazakhstan	2015	43.9 [31.7-56.1]	9.3 [6.1-12.3]	NA	NA
Kazakhstan	2012	46.3 [35.7-57.9]	9.7 [6.8-12.3]	NA	NA
Kazakhstan	2010	47.8 [38.2-57.8]	9.9 [7.5-13.1]	NA	NA
Kazakhstan	2009	NA	NA	12.2	7.8
Kazakhstan	2005	52.2 [41.9-62.0]	10.6 [8.3-13.0]	NA	NA
Kazakhstan	2004	NA	NA	15.2	8.1
Kazakhstan	2000	57.4 [45.6-69.3]	11.5 [8.7-14.5]	NA	NA
Kenya	2025	21.4 [10.8-34.6]	1.7 [0.7-3.0]	NA	NA
Kenya	2020	22.9 [13.2-33.8]	1.9 [1.0-3.2]	NA	NA
Kenya	2015	24.6 [17.0-33.1]	2.1 [1.3-3.3]	NA	NA
Kenya	2013	NA	NA	12.8	6.7
Kenya	2012	25.7 [19.1-33.7]	2.3 [1.4-3.2]	NA	NA
Kenya	2010	26.3 [20.3-34.0]	2.4 [1.6-3.4]	NA	NA
Kenya	2007	NA	NA	14.9	14.5
Kenya	2005	28.5 [22.8-35.7]	2.7 [1.8-3.6]	NA	NA
Kenya	2001	NA	NA	14.2	11.4
Kenya	2000	31.0 [22.7-40.1]	3.0 [2.1-4.2]	NA	NA
Kiribati	2025	54.9 [28.2-100.0]	36.8 [13.9-68.4]	NA	NA
Kiribati	2020	59.1 [30.4-92.1]	38.8 [17.0-64.0]	NA	NA
Kiribati	2015	63.9 [38.8-88.7]	40.9 [25.1-61.4]	NA	NA
Kiribati	2012	67.3 [47.0-91.8]	42.6 [28.9-59.2]	NA	NA
Kiribati	2010	69.3 [52.5-93.4]	43.7 [30.4-57.5]	NA	NA
Kiribati	2009	NA	NA	43.2	31.6
Kiribati	2005	75.9 [56.5-93.4]	47.1 [34.6-60.6]	NA	NA
Kiribati	2000	82.0 [61.7-100.0]	51.1 [34.7-70.0]	NA	NA
Kuwait	2009	NA	NA	25	11.3
Kuwait	2005	NA	NA	28	14.3
Kyrgyzstan	2025	50.4 [33.8-70.3]	3.0 [1.5-4.8]	NA	NA
Kyrgyzstan	2020	50.3 [36.2-65.7]	3.3 [2.0-4.9]	NA	NA
Kyrgyzstan	2015	50.4 [38.1-62.9]	3.6 [2.4-5.1]	NA	NA
Kyrgyzstan	2014	NA	NA	12.3	4.5
Kyrgyzstan	2012	50.2 [39.9-60.2]	3.8 [2.5-5.0]	NA	NA
Kyrgyzstan	2010	50.4 [41.0-60.4]	3.9 [2.9-5.2]	NA	NA
Kyrgyzstan	2008	NA	NA	10.3	4.4
Kyrgyzstan	2005	50.3 [40.1-60.1]	4.4 [3.1-5.7]	NA	NA
Kyrgyzstan	2004	NA	NA	10.8	4.8
Kyrgyzstan	2000	51.1 [39.6-64.4]	4.8 [3.2-6.5]	NA	NA
Lao People's Democratic Republic	2025	48.0 [27.3-70.1]	5.4 [2.7-8.2]	NA	NA
Lao People's Democratic Republic	2020	51.9 [33.0-70.6]	7.0 [4.2-10.1]	NA	NA
Lao People's Democratic Republic	2015	56.6 [40.3-72.1]	9.1 [6.2-12.0]	NA	NA
Lao People's Democratic Republic	2012	59.8 [45.1-74.2]	10.7 [7.9-13.6]	NA	NA
Lao People's Democratic Republic	2011	NA	NA	18.7	6
Lao People's Democratic Republic	2010	61.7 [48.9-75.4]	11.9 [9.0-15.3]	NA	NA
Lao People's Democratic Republic	2005	67.6 [52.5-81.6]	15.7 [12.1-19.6]	NA	NA
Lao People's Democratic Republic	2003	NA	NA	15.4	3.3
Lao People's Democratic Republic	2000	74.2 [56.4-93.7]	20.7 [14.5-26.7]	NA	NA
Latvia	2025	44.4 [26.9-61.8]	24.1 [15.7-34.0]	NA	NA
Latvia	2020	46.5 [32.2-61.6]	24.2 [16.7-32.0]	NA	NA
Latvia	2015	48.9 [38.3-63.0]	24.3 [18.4-30.6]	NA	NA
Latvia	2012	50.5 [40.0-62.5]	24.4 [19.2-29.7]	NA	NA
Latvia	2011	NA	NA	39.4	41.4
Latvia	2010	51.6 [42.4-62.7]	24.4 [19.6-29.3]	NA	NA
Latvia	2007	NA	NA	41.8	33.9
Latvia	2005	53.9 [44.1-63.6]	24.6 [20.7-29.7]	NA	NA
Latvia	2002	NA	NA	37.1	30.9
Latvia	2000	57.1 [45.6-67.6]	25.0 [19.6-29.2]	NA	NA
Lebanon	2025	55.4 [30.1-85.1]	37.7 [19.6-59.8]	NA	NA
Lebanon	2020	50.2 [28.9-71.0]	34.1 [21.3-49.8]	NA	NA
Lebanon	2015	45.4 [32.1-59.5]	31.0 [21.9-40.5]	NA	NA
Lebanon	2012	43.0 [32.3-53.3]	29.4 [22.3-37.2]	NA	NA
Lebanon	2011	NA	NA	41.9	31.4
Lebanon	2010	41.7 [31.8-50.7]	28.3 [21.2-35.3]	NA	NA
Lebanon	2005	38.3 [28.1-47.5]	26.2 [19.9-33.9]	65.8	54.1
Lebanon	2000	35.4 [24.2-48.1]	24.3 [16.0-34.3]	NA	NA
Lesotho	2025	73.6 [47.1-100.0]	0.4 [0.1-0.6]	NA	NA
Lesotho	2020	64.3 [39.1-89.5]	0.4 [0.2-0.7]	NA	NA
Lesotho	2015	55.1 [38.9-73.4]	0.4 [0.2-0.7]	NA	NA
Lesotho	2012	50.1 [36.7-65.4]	0.4 [0.2-0.7]	NA	NA
Lesotho	2010	47.2 [35.4-61.6]	0.5 [0.2-0.7]	NA	NA
Lesotho	2008	NA	NA	26.4	21.7
Lesotho	2005	40.7 [29.5-53.7]	0.5 [0.3-0.8]	NA	NA
Lesotho	2002	NA	NA	22.4	17.7
Lesotho	2000	35.2 [22.9-50.4]	0.6 [0.3-0.9]	NA	NA
Liberia	2025	37.2 [15.2-69.2]	1.7 [0.5-3.2]	NA	NA
Liberia	2020	32.0 [14.1-53.0]	2.0 [0.7-3.4]	NA	NA
Liberia	2015	27.6 [13.9-44.6]	2.4 [1.1-3.9]	NA	NA
Liberia	2012	25.4 [12.5-40.6]	2.7 [1.2-4.3]	NA	NA
Liberia	2010	23.9 [12.8-38.6]	2.8 [1.4-4.7]	NA	NA
Liberia	2005	21.0 [9.7-33.9]	3.4 [1.6-5.6]	NA	NA
Liberia	2000	18.4 [7.9-31.1]	4.1 [1.8-6.9]	NA	NA
Libya	2010	NA	NA	11	5
Libya	2007	NA	NA	15.5	6.1
Libya	2003	NA	NA	16.8	8.1
Lithuania	2025	31.0 [18.4-44.1]	23.6 [12.4-34.9]	NA	NA
Lithuania	2020	34.2 [22.2-44.9]	22.9 [14.7-32.2]	NA	NA
Lithuania	2015	38.1 [28.6-48.8]	22.2 [15.6-28.8]	NA	NA
Lithuania	2012	40.5 [32.2-51.8]	21.9 [16.7-27.2]	NA	NA
Lithuania	2010	42.3 [34.1-52.3]	21.8 [17.0-26.8]	NA	NA
Lithuania	2009	NA	NA	38.4	28.8
Lithuania	2005	47.3 [38.6-56.5]	21.3 [17.0-25.5]	36.8	28.1
Lithuania	2000	53.1 [42.9-65.4]	20.9 [16.1-25.2]	NA	NA
Luxembourg	2025	21.8 [13.0-32.9]	19.4 [10.4-29.8]	NA	NA
Luxembourg	2020	23.8 [15.9-33.8]	20.4 [12.8-29.7]	NA	NA
Luxembourg	2015	25.8 [18.9-34.6]	21.4 [15.2-28.2]	NA	NA
Luxembourg	2012	27.4 [21.5-35.4]	22.3 [15.9-28.2]	NA	NA
Luxembourg	2010	28.4 [22.2-35.2]	22.7 [17.6-28.5]	NA	NA
Luxembourg	2005	31.1 [24.5-37.9]	24.1 [19.3-29.8]	NA	NA
Luxembourg	2000	34.3 [26.0-42.6]	25.8 [19.8-32.6]	NA	NA
Madagascar	2008	NA	NA	33.2	14.3
Malawi	2025	21.8 [13.5-31.3]	4.5 [1.8-7.9]	NA	NA
Malawi	2020	23.5 [16.2-31.9]	5.2 [2.6-8.6]	NA	NA
Malawi	2015	25.4 [18.4-32.2]	6.0 [3.2-8.9]	NA	NA
Malawi	2012	26.6 [20.9-33.4]	6.6 [3.9-9.6]	NA	NA
Malawi	2010	27.6 [21.5-33.9]	7.0 [4.2-9.8]	NA	NA
Malawi	2009	NA	NA	16.7	11.4
Malawi	2005	30.0 [24.4-36.8]	8.2 [5.2-11.4]	19.1	17.9
Malawi	2000	32.8 [25.7-41.7]	9.7 [6.1-13.7]	NA	NA
Malaysia	2025	37.8 [17.8-65.7]	0.8 [0.3-1.6]	NA	NA
Malaysia	2020	40.2 [23.1-64.2]	1.1 [0.5-1.8]	NA	NA
Malaysia	2015	43.0 [27.1-59.4]	1.4 [0.8-2.1]	NA	NA
Malaysia	2012	44.9 [31.7-59.9]	1.6 [1.0-2.2]	NA	NA
Malaysia	2010	46.2 [33.0-58.4]	1.8 [1.2-2.4]	NA	NA
Malaysia	2009	NA	NA	35.1	9.4
Malaysia	2005	50.0 [39.5-62.2]	2.4 [1.9-3.1]	NA	NA
Malaysia	2003	NA	NA	40	11.5
Malaysia	2000	54.8 [41.4-69.8]	3.2 [2.3-4.3]	NA	NA
Maldives	2011	NA	NA	15.2	6.7
Maldives	2007	NA	NA	8.5	3.4
Maldives	2004	NA	NA	7.9	18.4
Mali	2025	55.0 [27.6-87.9]	2.8 [1.2-4.7]	NA	NA
Mali	2020	45.1 [25.2-65.7]	3.0 [1.5-4.7]	NA	NA
Mali	2015	36.8 [24.0-49.4]	3.2 [1.7-4.8]	NA	NA
Mali	2012	32.6 [23.4-43.3]	3.4 [2.0-5.0]	NA	NA
Mali	2010	30.3 [21.7-38.2]	3.5 [1.9-5.1]	NA	NA
Mali	2008	NA	NA	23.1	8.8
Mali	2005	24.9 [19.0-31.3]	3.7 [2.2-5.6]	NA	NA
Mali	2000	20.6 [14.8-26.3]	4.1 [2.2-6.2]	NA	NA
Malta	2025	25.9 [12.1-40.3]	17.0 [8.8-26.6]	NA	NA
Malta	2020	27.7 [16.6-40.7]	18.6 [11.5-27.1]	NA	NA
Malta	2015	29.7 [20.8-40.2]	20.2 [14.0-26.3]	NA	NA
Malta	2012	31.5 [23.1-40.6]	21.5 [16.1-27.9]	NA	NA
Malta	2010	32.5 [25.0-41.9]	22.0 [16.8-27.7]	NA	NA
Malta	2005	35.4 [27.8-44.3]	24.3 [18.9-30.3]	NA	NA
Malta	2000	38.8 [28.4-49.1]	26.9 [20.3-35.8]	NA	NA
Marshall Islands	2009	NA	NA	29.4	21.6
Mauritania	2025	64.9 [34.3-95.0]	2.8 [1.2-5.0]	NA	NA
Mauritania	2020	54.3 [30.2-83.2]	3.2 [1.5-5.1]	NA	NA
Mauritania	2015	44.0 [27.2-62.0]	3.7 [2.2-5.5]	NA	NA
Mauritania	2012	38.9 [27.1-52.5]	4.0 [2.6-5.7]	NA	NA
Mauritania	2010	35.8 [25.5-46.6]	4.2 [2.8-5.8]	NA	NA
Mauritania	2009	NA	NA	27.5	17.7
Mauritania	2006	NA	NA	31.5	29.5
Mauritania	2005	29.2 [22.4-36.4]	4.9 [3.4-6.6]	NA	NA
Mauritania	2001	NA	NA	28.6	19.5
Mauritania	2000	23.9 [16.9-30.1]	5.7 [3.8-7.8]	NA	NA
Mauritius	2025	37.2 [19.0-58.2]	2.6 [1.2-4.2]	NA	NA
Mauritius	2020	38.6 [22.8-54.2]	2.9 [1.7-4.4]	NA	NA
Mauritius	2015	40.1 [29.3-53.9]	3.3 [2.0-4.5]	NA	NA
Mauritius	2012	41.3 [31.9-52.9]	3.5 [2.6-4.7]	NA	NA
Mauritius	2010	42.0 [33.1-52.8]	3.7 [2.8-4.7]	NA	NA
Mauritius	2008	NA	NA	20.3	7.7
Mauritius	2005	44.1 [35.6-53.0]	4.2 [3.3-5.2]	NA	NA
Mauritius	2003	NA	NA	19.9	7.9
Mauritius	2000	46.6 [36.8-57.7]	4.8 [3.7-6.1]	NA	NA
Mexico	2025	14.5 [10.3-19.9]	4.3 [2.6-5.8]	NA	NA
Mexico	2020	17.3 [12.9-22.0]	5.3 [3.8-7.1]	NA	NA
Mexico	2015	20.8 [16.4-25.3]	6.6 [5.2-8.2]	NA	NA
Mexico	2012	23.3 [19.0-27.8]	7.6 [6.1-9.2]	NA	NA
Mexico	2011	NA	NA	21.6	17.7
Mexico	2010	25.1 [21.0-29.6]	8.4 [7.1-10.1]	NA	NA
Mexico	2005	30.2 [25.3-35.5]	10.5 [8.8-12.6]	NA	NA
Mexico	2000	36.6 [29.8-43.8]	13.3 [10.7-16.1]	NA	NA
Micronesia (Federated States of)	2013	NA	NA	52.1	35.7
Micronesia (Federated States of)	2007	NA	NA	51.9	39.8
Mongolia	2025	43.5 [25.7-63.1]	3.8 [2.2-5.9]	NA	NA
Mongolia	2020	45.4 [31.9-61.7]	4.5 [2.9-6.3]	NA	NA
Mongolia	2015	47.7 [36.0-59.0]	5.3 [3.8-6.8]	NA	NA
Mongolia	2014	NA	NA	20.3	8.3
Mongolia	2012	49.3 [39.0-60.1]	5.8 [4.5-7.4]	NA	NA
Mongolia	2010	50.3 [41.1-60.1]	6.3 [5.1-7.9]	NA	NA
Mongolia	2007	NA	NA	25.7	16
Mongolia	2005	53.6 [41.5-64.9]	7.5 [5.8-9.5]	NA	NA
Mongolia	2003	NA	NA	20.7	10.3
Mongolia	2000	56.9 [39.9-73.5]	9.0 [6.1-12.1]	NA	NA
Montenegro	2008	NA	NA	6.6	5.9
Montenegro	2003	NA	NA	7	6.2
Morocco	2025	57.0 [30.1-93.9]	0.7 [0.2-1.4]	NA	NA
Morocco	2020	51.3 [26.9-79.3]	1.0 [0.4-1.8]	NA	NA
Morocco	2015	45.4 [27.9-61.7]	1.4 [0.7-2.2]	NA	NA
Morocco	2012	42.5 [29.2-55.3]	1.7 [1.0-2.5]	NA	NA
Morocco	2010	40.6 [31.3-51.5]	1.9 [1.1-2.7]	11.3	6.6
Morocco	2006	NA	NA	12.5	8.2
Morocco	2005	36.4 [28.6-44.1]	2.8 [1.8-3.9]	NA	NA
Morocco	2001	NA	NA	3.9	8.5
Morocco	2000	33.1 [25.5-41.5]	4.0 [2.3-5.9]	NA	NA
Mozambique	2025	26.4 [12.3-42.5]	5.2 [1.9-9.7]	NA	NA
Mozambique	2020	28.8 [16.3-44.1]	5.5 [2.2-9.4]	NA	NA
Mozambique	2015	31.4 [19.9-43.1]	5.9 [2.5-9.6]	NA	NA
Mozambique	2012	33.4 [21.8-45.7]	6.2 [3.0-10.0]	NA	NA
Mozambique	2010	34.8 [22.9-47.8]	6.4 [3.3-10.3]	NA	NA
Mozambique	2005	38.5 [24.9-55.0]	6.9 [3.4-10.7]	NA	NA
Mozambique	2000	42.7 [24.2-62.9]	7.6 [3.6-12.8]	NA	NA
Myanmar	2025	22.0 [9.2-36.5]	3.8 [0.7-7.2]	NA	NA
Myanmar	2020	26.2 [13.5-39.8]	4.9 [1.7-8.4]	NA	NA
Myanmar	2015	31.6 [20.3-43.5]	6.4 [3.3-10.1]	NA	NA
Myanmar	2012	35.2 [25.8-47.4]	7.7 [4.3-11.7]	NA	NA
Myanmar	2011	NA	NA	30	6.8
Myanmar	2010	38.3 [28.4-49.0]	8.6 [5.2-12.6]	NA	NA
Myanmar	2007	NA	NA	22.5	8.2
Myanmar	2005	46.4 [36.5-56.6]	11.6 [7.4-16.4]	NA	NA
Myanmar	2004	NA	NA	21.8	5.8
Myanmar	2000	56.6 [40.9-71.9]	15.8 [9.8-24.0]	NA	NA
Namibia	2025	47.4 [20.5-75.1]	9.8 [4.5-16.4]	NA	NA
Namibia	2020	42.9 [23.7-65.8]	10.5 [5.8-15.5]	NA	NA
Namibia	2015	38.9 [24.9-55.3]	11.4 [7.4-15.7]	NA	NA
Namibia	2012	36.4 [25.5-49.9]	12.0 [8.2-15.9]	NA	NA
Namibia	2010	35.1 [25.0-46.3]	12.3 [9.0-15.8]	NA	NA
Namibia	2008	NA	NA	31.9	29.9
Namibia	2005	31.9 [24.3-40.6]	13.4 [10.5-16.8]	NA	NA
Namibia	2004	NA	NA	32.2	25.3
Namibia	2000	29.3 [21.4-37.2]	14.7 [11.2-18.3]	NA	NA
Nauru	2025	36.9 [14.2-70.7]	46.8 [17.7-89.7]	NA	NA
Nauru	2020	39.5 [17.3-65.6]	49.2 [21.6-84.1]	NA	NA
Nauru	2015	43.0 [24.1-65.3]	52.0 [26.3-79.7]	NA	NA
Nauru	2012	45.4 [27.7-65.9]	53.7 [31.8-77.1]	NA	NA
Nauru	2010	46.9 [30.4-66.1]	55.5 [36.1-76.3]	NA	NA
Nauru	2005	51.6 [35.2-67.5]	59.3 [41.3-80.6]	NA	NA
Nauru	2000	57.0 [37.3-76.2]	63.9 [44.9-87.7]	NA	NA
Nepal	2025	32.9 [20.6-45.2]	5.3 [3.0-7.9]	NA	NA
Nepal	2020	34.7 [23.6-44.9]	7.7 [4.8-10.6]	NA	NA
Nepal	2015	37.1 [29.0-47.3]	11.1 [7.8-14.4]	NA	NA
Nepal	2012	38.7 [31.5-48.5]	13.9 [10.7-17.7]	NA	NA
Nepal	2011	NA	NA	24.6	16.4
Nepal	2010	39.7 [31.8-47.6]	16.1 [12.5-19.7]	NA	NA
Nepal	2007	NA	NA	13	5.3
Nepal	2005	42.5 [35.4-50.5]	23.5 [19.2-28.5]	NA	NA
Nepal	2000	45.6 [36.7-55.7]	34.3 [26.8-42.8]	NA	NA
Netherlands	2025	20.6 [13.9-27.5]	20.4 [12.6-26.9]	NA	NA
Netherlands	2020	22.9 [16.3-28.8]	22.1 [15.7-28.4]	NA	NA
Netherlands	2015	26.2 [20.2-32.4]	23.9 [18.3-29.4]	NA	NA
Netherlands	2012	27.5 [22.1-33.2]	24.7 [20.0-29.6]	NA	NA
Netherlands	2010	29.4 [23.7-35.1]	25.9 [21.0-30.6]	NA	NA
Netherlands	2005	32.7 [26.9-38.1]	28.1 [23.2-33.1] 28.1 [24.1-33.0]	NA	NA
Netherlands	2000	36.7 [29.9-43.3]	30.7 [25.1-36.0]	NA	NA
New Zealand	2008	NA	NA	18.7	21.5
Niger	2025	31.0 [17.2-48.8]	0.1 [0.0-0.3]	NA	NA
Niger	2020	24.0 [14.8-34.4]	0.2 [0.1-0.3]	NA	NA
Niger	2015	18.6 [13.0-24.0]	0.2 [0.1-0.3]	NA	NA
Niger	2012	15.9 [11.8-20.1]	0.2 [0.1-0.4]	NA	NA
Niger	2010	14.4 [10.7-18.5]	0.2 [0.1-0.4]	NA	NA
Niger	2009	NA	NA	11.8	5.6
Niger	2006	NA	NA	15.2	8
Niger	2005	11.3 [8.1-14.9]	0.3 [0.1-0.4]	NA	NA
Niger	2001	NA	NA	23.3	12
Niger	2000	9.0 [5.3-12.9]	0.3 [0.1-0.5]	NA	NA
Nigeria	2025	23.8 [8.7-45.1]	0.7 [0.2-1.4]	NA	NA
Nigeria	2020	20.2 [8.0-35.4]	0.9 [0.3-1.6]	NA	NA
Nigeria	2015	17.4 [8.0-28.9]	1.1 [0.4-2.0]	NA	NA
Nigeria	2012	15.9 [8.2-25.2]	1.2 [0.4-2.1]	NA	NA
Nigeria	2010	15.0 [8.0-23.8]	1.3 [0.5-2.3]	NA	NA
Nigeria	2005	13.0 [7.3-20.3]	1.6 [0.7-2.8]	NA	NA
Nigeria	2000	11.3 [6.1-17.1]	2.0 [0.8-3.4]	NA	NA
Niue	2025	16.2 [7.6-26.9]	9.5 [4.3-15.7]	NA	NA
Niue	2020	18.2 [9.8-27.0]	10.3 [5.4-15.6]	NA	NA
Niue	2015	20.3 [13.0-27.8]	11.4 [6.9-15.9]	NA	NA
Niue	2012	21.9 [14.3-29.8]	12.0 [8.0-17.0]	NA	NA
Niue	2010	23.2 [14.9-31.2]	12.5 [7.8-17.2]	NA	NA
Niue	2009	NA	NA	14.1	18.5
Niue	2005	26.5 [16.9-37.1]	14.0 [8.4-20.1]	NA	NA
Niue	2000	30.6 [18.6-49.6]	15.7 [8.4-24.2]	NA	NA
Norway	2025	14.4 [11.3-18.3]	14.7 [11.2-18.4]	NA	NA
Norway	2020	17.9 [14.3-21.7]	18.1 [14.5-22.4]	NA	NA
Norway	2015	22.4 [18.3-26.2]	22.1 [18.4-26.5]	NA	NA
Norway	2012	25.5 [21.4-30.3]	24.9 [20.7-29.7]	NA	NA
Norway	2010	28.0 [23.3-32.0]	27.1 [23.2-31.8]	NA	NA
Norway	2005	34.7 [29.0-40.4]	33.4 [27.9-38.5]	NA	NA
Norway	2000	43.1 [35.6-50.4]	41.0 [34.1-48.2]	NA	NA
Oman	2025	30.8 [9.5-60.7]	1.3 [0.2-2.5]	NA	NA
Oman	2020	25.4 [9.5-43.2]	1.1 [0.3-2.1]	NA	NA
Oman	2015	21.0 [10.5-32.4]	1.0 [0.4-1.8]	NA	NA
Oman	2012	18.9 [11.7-28.1]	1.0 [0.4-1.6]	NA	NA
Oman	2010	17.5 [11.1-24.4]	1.0 [0.4-1.5]	4.9	1.7
Oman	2007	NA	NA	17.8	11.3
Oman	2005	14.8 [11.1-19.5]	0.9 [0.5-1.4]	NA	NA
Oman	2002	NA	NA	24.1	7.6
Oman	2000	12.5 [8.9-16.0]	0.8 [0.4-1.3]	NA	NA
Pakistan	2025	46.3 [23.4-74.0]	1.6 [0.7-2.8]	NA	NA
Pakistan	2020	43.9 [26.0-64.8]	2.1 [1.2-3.5]	NA	NA
Pakistan	2015	41.9 [29.7-57.3]	3.0 [1.8-4.2]	NA	NA
Pakistan	2012	40.6 [30.1-52.4]	3.6 [2.5-5.0]	NA	NA
Pakistan	2010	40.2 [29.4-50.7]	4.2 [2.9-5.4]	NA	NA
Pakistan	2005	38.5 [29.6-47.4]	5.9 [4.1-7.6]	NA	NA
Pakistan	2000	37.4 [27.1-48.3]	8.4 [5.6-11.5]	NA	NA
Palau	2013	NA	NA	54.1	36.7
Palau	2009	NA	NA	58.3	42.4
Palau	2005	NA	NA	38	28.4
Palau	2000	NA	NA	67.9	78.7
Panama	2025	6.1 [2.8-10.1]	1.7 [0.8-2.8]	NA	NA
Panama	2020	8.0 [4.7-11.8]	2.1 [1.2-3.1]	NA	NA
Panama	2015	10.6 [7.6-14.3]	2.6 [1.8-3.5]	NA	NA
Panama	2012	12.5 [9.5-16.0]	2.9 [2.2-3.7]	15.1	10.2
Panama	2010	14.1 [11.3-17.9]	3.2 [2.5-4.0]	NA	NA
Panama	2008	NA	NA	10.5	6.5
Panama	2005	18.9 [13.9-23.5]	4.1 [3.1-5.2]	NA	NA
Panama	2002	NA	NA	20.5	15.6
Panama	2000	25.5 [16.7-34.9]	5.2 [3.2-7.1]	NA	NA
Papua New Guinea	2007	NA	NA	55.4	40.3
Paraguay	2025	21.0 [9.2-33.1]	5.4 [2.3-9.1]	NA	NA
Paraguay	2020	24.4 [13.1-36.7]	6.5 [3.5-10.5]	NA	NA
Paraguay	2015	28.3 [18.1-39.0]	7.9 [4.9-11.4]	NA	NA
Paraguay	2012	31.3 [21.2-41.2]	9.0 [6.1-12.4]	NA	NA
Paraguay	2010	33.1 [23.1-42.7]	9.7 [6.9-12.9]	NA	NA
Paraguay	2008	NA	NA	20.8	12.9
Paraguay	2005	39.0 [30.4-50.0]	12.0 [9.1-15.3]	NA	NA
Paraguay	2000	46.2 [34.1-59.0]	14.9 [10.9-19.3]	NA	NA
Peru	2025	NA	4.3 [2.4-6.4]	NA	NA
Peru	2020	NA	5.0 [3.3-7.1]	NA	NA
Peru	2015	NA	5.9 [4.4-7.7]	NA	NA
Peru	2012	NA	6.5 [5.0-8.2]	NA	NA
Peru	2010	NA	6.9 [5.4-8.8]	NA	NA
Peru	2007	NA	NA	21.5	16.5
Peru	2005	NA	8.2 [6.1-10.9]	NA	NA
Peru	2000	NA	9.7 [6.3-13.2]	NA	NA
Philippines	2025	35.6 [22.0-48.9]	6.5 [4.3-9.3]	NA	NA
Philippines	2020	39.0 [27.6-50.7]	7.4 [5.3-9.7]	NA	NA
Philippines	2015	43.0 [34.6-53.5]	8.5 [6.6-10.8]	NA	NA
Philippines	2012	45.8 [37.9-54.8]	9.2 [7.3-11.1]	NA	NA
Philippines	2011	NA	NA	18.8	9.3
Philippines	2010	47.6 [39.5-56.4]	9.7 [8.1-11.5]	NA	NA
Philippines	2007	NA	NA	28.3	17.5
Philippines	2005	53.2 [43.2-63.4]	11.2 [9.4-13.6]	NA	NA
Philippines	2004	NA	NA	21.4	11.8
Philippines	2003	NA	NA	26.5	13
Philippines	2000	59.1 [45.4-73.4]	12.9 [10.0-16.0]	30.6	18.1
Poland	2025	26.0 [14.6-37.8]	17.8 [9.4-26.4]	NA	NA
Poland	2020	28.9 [19.7-38.8]	20.6 [13.7-28.3]	NA	NA
Poland	2015	32.4 [25.0-40.9]	23.7 [18.6-30.3]	NA	NA
Poland	2012	34.9 [27.7-42.1]	26.1 [20.8-31.7]	NA	NA
Poland	2010	36.5 [30.0-44.6]	27.7 [22.6-33.3]	NA	NA
Poland	2009	NA	NA	17	19
Poland	2005	41.1 [32.5-50.0]	32.2 [25.6-38.7]	NA	NA
Poland	2003	NA	NA	26	31.7
Poland	2000	46.9 [33.2-60.3]	37.9 [27.0-48.5]	NA	NA
Portugal	2025	29.3 [17.3-46.7]	12.9 [5.5-21.3]	NA	NA
Portugal	2020	30.3 [19.5-42.8]	13.2 [7.1-20.2]	NA	NA
Portugal	2015	31.5 [23.3-42.2]	13.7 [8.9-20.3]	NA	NA
Portugal	2012	32.4 [24.1-40.5]	14.0 [9.3-19.0]	NA	NA
Portugal	2010	32.9 [25.1-40.9]	14.2 [9.4-18.5]	NA	NA
Portugal	2005	34.5 [26.7-42.3]	14.9 [10.6-19.4]	NA	NA
Portugal	2000	36.1 [27.6-46.5]	15.7 [10.8-20.9]	NA	NA
Qatar	2007	NA	NA	25.2	13.1
Qatar	2004	NA	NA	21.1	12.7
Republic of Korea	2025	44.0 [21.8-68.9]	3.6 [1.4-6.3]	NA	NA
Republic of Korea	2020	46.9 [26.4-68.5]	3.8 [1.8-6.4]	NA	NA
Republic of Korea	2015	49.8 [32.5-70.3]	4.2 [2.3-6.5]	NA	NA
Republic of Korea	2013	NA	NA	8.8	3.6
Republic of Korea	2012	51.7 [34.6-67.9]	4.4 [2.6-6.6]	NA	NA
Republic of Korea	2010	53.3 [37.6-69.4]	4.6 [2.6-6.6]	NA	NA
Republic of Korea	2008	NA	NA	14.9	10.6
Republic of Korea	2005	57.0 [43.6-73.5]	5.0 [3.0-7.2]	10.9	8.8
Republic of Korea	2000	61.5 [45.7-80.5]	5.6 [3.1-8.2]	NA	NA
Republic of Moldova	2025	49.8 [31.5-68.0]	5.4 [3.6-7.8]	NA	NA
Republic of Moldova	2020	47.8 [34.2-61.9]	5.4 [3.8-7.2]	NA	NA
Republic of Moldova	2015	45.7 [34.1-55.8]	5.4 [4.1-6.9]	NA	NA
Republic of Moldova	2013	NA	NA	14.9	5.8
Republic of Moldova	2012	44.6 [35.2-53.6]	5.4 [4.1-6.5]	NA	NA
Republic of Moldova	2010	44.1 [35.7-54.3]	5.4 [4.2-6.5]	NA	NA
Republic of Moldova	2008	NA	NA	20.8	7.1
Republic of Moldova	2005	42.1 [33.7-50.2]	5.4 [4.2-6.7]	NA	NA
Republic of Moldova	2004	NA	NA	25.3	7.9
Republic of Moldova	2000	40.7 [30.9-50.8]	5.5 [4.0-6.9]	NA	NA
Romania	2025	29.8 [16.7-44.2]	20.1 [10.6-29.5]	NA	NA
Romania	2020	33.1 [21.4-45.0]	21.3 [14.6-29.3]	NA	NA
Romania	2015	36.9 [27.9-46.6]	22.7 [17.0-29.3]	NA	NA
Romania	2013	NA	NA	12.2	10.1
Romania	2012	39.5 [31.2-47.9]	23.4 [18.5-28.4]	NA	NA
Romania	2010	41.4 [33.7-49.6]	23.9 [19.6-29.2]	NA	NA
Romania	2009	NA	NA	18.4	10.4
Romania	2005	46.6 [38.3-55.7]	25.6 [20.8-31.1]	NA	NA
Romania	2004	NA	NA	22.2	14.8
Romania	2000	52.8 [41.1-67.2]	27.4 [21.3-35.0]	NA	NA
Russian Federation	2025	54.6 [35.7-76.5]	24.0 [14.4-35.1]	NA	NA
Russian Federation	2020	56.8 [41.4-75.7]	23.4 [16.5-32.6]	NA	NA
Russian Federation	2015	59.0 [46.6-72.5]	22.8 [17.6-29.3]	NA	NA
Russian Federation	2012	60.3 [48.2-71.4]	22.5 [18.0-27.8]	NA	NA
Russian Federation	2010	61.2 [51.3-73.9]	22.4 [17.5-27.1]	NA	NA
Russian Federation	2005	64.0 [51.7-75.2]	22.1 [17.6-26.7]	NA	NA
Russian Federation	2004	NA	NA	30.1	24.4
Russian Federation	2000	67.2 [53.5-84.8]	21.8 [16.6-27.5]	NA	NA
Rwanda	2025	NA	5.0 [2.0-8.0]	NA	NA
Rwanda	2020	NA	5.2 [2.5-8.0]	NA	NA
Rwanda	2015	NA	5.5 [3.0-8.0]	NA	NA
Rwanda	2012	NA	5.7 [3.4-8.4]	NA	NA
Rwanda	2010	NA	5.8 [3.5-8.3]	NA	NA
Rwanda	2008	NA	NA	13.3	9.5
Rwanda	2005	NA	6.3 [3.7-9.2]	NA	NA
Rwanda	2000	NA	6.7 [3.9-10.9]	NA	NA
Saint Kitts and Nevis	2010	NA	NA	10.4	7.8
Saint Kitts and Nevis	2002	NA	NA	18.2	13.6
Saint Lucia	2011	NA	NA	24.5	17.3
Saint Lucia	2007	NA	NA	22.4	14.5
Saint Vincent and the Grenadines	2011	NA	NA	23.6	14.6
Saint Vincent and the Grenadines	2007	NA	NA	22	16.6
Saint Vincent and the Grenadines	2000	NA	NA	25.3	18.5
Samoa	2025	31.6 [16.3-49.5]	15.9 [7.5-25.0]	NA	NA
Samoa	2020	35.9 [21.9-51.7]	17.3 [9.7-24.7]	NA	NA
Samoa	2015	41.0 [29.6-54.6]	18.9 [13.7-25.7]	NA	NA
Samoa	2012	44.8 [33.5-57.9]	20.1 [14.3-25.6]	NA	NA
Samoa	2010	47.4 [36.6-61.0]	20.9 [15.6-26.3]	NA	NA
Samoa	2007	NA	NA	25.8	20.4
Samoa	2005	54.9 [39.5-70.8]	23.3 [16.7-30.5]	NA	NA
Samoa	2000	63.4 [40.0-87.6]	26.0 [16.1-37.0]	NA	NA
San Marino	2010	NA	NA	10.9	11.6
San Marino	2009	NA	NA	9.8	8.7
Sao Tome and Principe	2010	NA	NA	30.7	22.7
Saudi Arabia	2025	35.5 [18.4-54.0]	2.6 [0.7-5.3]	NA	NA
Saudi Arabia	2020	31.4 [18.7-45.1]	2.7 [0.9-4.8]	NA	NA
Saudi Arabia	2015	27.9 [19.5-37.0]	2.9 [1.3-4.5]	NA	NA
Saudi Arabia	2012	26.3 [19.5-33.4]	3.0 [1.6-4.7]	NA	NA
Saudi Arabia	2010	24.9 [18.8-31.4]	3.0 [1.7-4.5]	21.2	9.1
Saudi Arabia	2007	NA	NA	20.2	10.7
Saudi Arabia	2005	22.3 [18.0-27.6]	3.3 [2.2-4.6]	NA	NA
Saudi Arabia	2000	20.2 [15.9-26.2]	3.5 [2.3-4.8]	NA	NA
Senegal	2025	28.7 [17.2-42.4]	0.5 [0.2-0.8]	NA	NA
Senegal	2020	25.8 [17.8-35.2]	0.6 [0.3-0.9]	NA	NA
Senegal	2015	23.4 [17.2-29.3]	0.7 [0.4-1.1]	NA	NA
Senegal	2013	NA	NA	14.9	6.2
Senegal	2012	22.1 [16.8-27.0]	0.8 [0.5-1.2]	NA	NA
Senegal	2010	21.2 [16.9-26.2]	0.9 [0.6-1.3]	NA	NA
Senegal	2007	NA	NA	20.4	9.6
Senegal	2005	19.2 [15.0-23.5]	1.1 [0.7-1.6]	NA	NA
Senegal	2002	NA	NA	24.3	6.9
Senegal	2000	17.6 [12.3-22.5]	1.4 [0.8-2.1]	NA	NA
Serbia	2025	37.9 [25.0-55.7]	38.9 [23.3-56.3]	NA	NA
Serbia	2020	40.6 [29.2-55.5]	39.3 [25.9-53.9]	NA	NA
Serbia	2015	43.6 [32.4-55.8]	39.7 [28.1-50.5]	NA	NA
Serbia	2013	NA	NA	18.2	17.4
Serbia	2012	45.5 [35.7-57.0]	39.8 [30.1-48.4]	NA	NA
Serbia	2010	46.8 [36.4-56.8]	40.2 [31.0-49.4]	NA	NA
Serbia	2008	NA	NA	10.8	9.6
Serbia	2005	50.4 [40.4-60.7]	40.6 [32.7-49.9]	NA	NA
Serbia	2003	NA	NA	12.8	13.7
Serbia	2000	54.6 [42.5-68.6]	41.2 [30.2-52.3]	NA	NA
Seychelles	2025	40.9 [19.6-64.7]	7.6 [3.5-11.9]	NA	NA
Seychelles	2020	42.1 [24.5-62.7]	8.2 [4.6-12.0]	NA	NA
Seychelles	2015	43.0 [27.9-60.0]	8.8 [5.4-12.3]	NA	NA
Seychelles	2012	44.0 [31.6-59.5]	9.2 [5.8-12.7]	NA	NA
Seychelles	2010	44.8 [32.4-59.6]	9.5 [6.4-13.1]	NA	NA
Seychelles	2007	NA	NA	27.1	25.3
Seychelles	2005	46.2 [33.8-60.1]	10.3 [7.0-13.9]	NA	NA
Seychelles	2002	NA	NA	33.4	24.9
Seychelles	2000	48.1 [34.9-62.9]	11.2 [7.5-15.7]	NA	NA
Sierra Leone	2025	76.2 [46.9-100.0]	8.7 [3.4-14.7]	NA	NA
Sierra Leone	2020	68.6 [43.6-96.7]	10.2 [5.0-15.6]	NA	NA
Sierra Leone	2015	60.0 [41.6-82.4]	12.0 [6.7-17.9]	NA	NA
Sierra Leone	2012	55.0 [40.5-71.5]	13.4 [7.5-19.2]	NA	NA
Sierra Leone	2010	52.1 [40.0-68.1]	14.4 [8.6-21.0]	NA	NA
Sierra Leone	2005	45.6 [33.9-59.3]	17.2 [10.4-26.1]	NA	NA
Sierra Leone	2000	40.1 [27.6-54.9]	20.9 [10.7-32.0]	NA	NA
Singapore	2025	28.8 [16.1-45.3]	4.7 [2.4-7.5]	NA	NA
Singapore	2020	28.3 [18.3-40.2]	4.9 [3.0-7.1]	NA	NA
Singapore	2015	28.0 [20.7-37.6]	5.0 [3.5-6.7]	NA	NA
Singapore	2012	27.7 [21.5-35.2]	5.2 [3.9-6.6]	NA	NA
Singapore	2010	27.6 [21.9-34.2]	5.3 [4.2-6.8]	NA	NA
Singapore	2005	27.5 [22.3-32.8]	5.5 [4.4-6.6]	NA	NA
Singapore	2000	27.4 [22.2-34.2]	5.8 [4.4-7.4]	10.5	7.5
Slovakia	2025	37.0 [12.5-64.5]	15.9 [6.1-28.7]	NA	NA
Slovakia	2020	38.1 [19.1-62.7]	16.8 [6.9-28.1]	NA	NA
Slovakia	2015	39.7 [23.6-57.7]	17.6 [8.9-28.0]	NA	NA
Slovakia	2012	40.7 [26.2-57.6]	18.1 [10.2-27.2]	NA	NA
Slovakia	2011	NA	NA	29.7	27.6
Slovakia	2010	41.4 [27.3-54.8]	18.6 [10.7-27.3]	NA	NA
Slovakia	2007	NA	NA	28.5	24.5
Slovakia	2005	43.7 [31.9-56.9]	19.9 [11.2-27.7]	NA	NA
Slovakia	2003	NA	NA	29.1	25
Slovakia	2000	46.2 [32.4-60.2]	21.4 [12.5-31.0]	NA	NA
Slovenia	2025	18.7 [11.5-28.7]	15.9 [9.6-24.1]	NA	NA
Slovenia	2020	20.4 [13.5-28.8]	17.0 [11.0-23.4]	NA	NA
Slovenia	2015	22.3 [16.0-28.6]	18.1 [13.3-23.4]	NA	NA
Slovenia	2012	23.6 [18.3-29.8]	18.9 [14.4-23.6]	NA	NA
Slovenia	2011	NA	NA	17.4	21.5
Slovenia	2010	24.6 [19.8-30.6]	19.5 [15.1-24.1]	NA	NA
Slovenia	2007	NA	NA	16.9	24.2
Slovenia	2005	27.0 [21.6-32.1]	21.0 [16.7-24.9]	NA	NA
Slovenia	2003	NA	NA	22.9	23.5
Slovenia	2000	29.9 [23.9-36.7]	22.6 [18.3-28.2]	NA	NA
Solomon Islands	2008	NA	NA	43.9	37
South Africa	2025	29.6 [16.0-43.9]	4.2 [2.5-6.4]	NA	NA
South Africa	2020	30.4 [20.3-42.6]	5.2 [3.3-7.2]	NA	NA
South Africa	2015	31.4 [24.1-40.7]	6.5 [5.0-8.5]	NA	NA
South Africa	2012	32.1 [25.0-40.5]	7.4 [5.7-9.3]	NA	NA
South Africa	2011	NA	NA	24.3	19
South Africa	2010	32.5 [25.7-40.1]	8.0 [6.4-10.0]	NA	NA
South Africa	2008	NA	NA	29.3	20.1
South Africa	2005	33.9 [27.1-40.3]	10.0 [8.0-12.1]	NA	NA
South Africa	2002	NA	NA	29	20
South Africa	2000	35.3 [27.6-44.2]	12.5 [9.6-15.7]	NA	NA
South Africa	1999	NA	NA	29	20.8
Spain	2025	24.8 [17.1-34.4]	24.4 [16.4-33.3]	NA	NA
Spain	2020	28.0 [20.6-36.6]	25.7 [18.9-33.2]	NA	NA
Spain	2015	31.3 [24.1-38.2]	27.1 [21.0-33.2]	NA	NA
Spain	2012	33.7 [27.2-41.1]	28.0 [22.4-33.7]	NA	NA
Spain	2010	35.3 [27.6-41.9]	28.6 [22.6-33.9]	NA	NA
Spain	2005	39.8 [31.4-47.3]	30.4 [24.8-37.4]	NA	NA
Spain	2000	45.2 [36.2-57.2]	32.3 [24.6-39.4]	NA	NA
Sri Lanka	2025	27.8 [8.9-52.5]	0.1 [0.0-0.2]	NA	NA
Sri Lanka	2020	28.1 [12.6-47.1]	0.2 [0.1-0.4]	NA	NA
Sri Lanka	2015	28.4 [15.9-41.4]	0.4 [0.2-0.6]	NA	NA
Sri Lanka	2012	28.8 [18.7-39.6]	0.5 [0.3-0.7]	NA	NA
Sri Lanka	2011	NA	NA	15.7	5.4
Sri Lanka	2010	29.3 [20.4-37.9]	0.6 [0.4-0.9]	NA	NA
Sri Lanka	2007	NA	NA	12.4	5.8
Sri Lanka	2005	30.2 [24.3-36.2]	1.1 [0.8-1.4]	NA	NA
Sri Lanka	2003	NA	NA	9.5	6.1
Sri Lanka	2000	31.5 [24.6-39.7]	1.9 [1.4-2.6]	NA	NA
Sudan	2009	NA	NA	9.5	4.3
Sudan	2005	NA	NA	18	10.1
Sudan	2001	NA	NA	22	11.6
Suriname	2009	NA	NA	20.7	16.6
Suriname	2004	NA	NA	12.6	8.6
Sweden	2025	15.0 [10.2-19.3]	14.9 [10.7-20.1]	NA	NA
Sweden	2020	17.5 [13.8-21.9]	17.6 [13.7-22.5]	NA	NA
Sweden	2015	20.4 [16.4-24.3]	20.8 [16.8-25.0]	NA	NA
Sweden	2012	22.3 [18.4-26.3]	23.0 [19.4-27.4]	NA	NA
Sweden	2010	23.8 [19.7-28.5]	24.5 [19.6-28.9]	NA	NA
Sweden	2005	27.7 [22.3-32.7]	29.1 [23.9-35.0]	NA	NA
Sweden	2000	32.6 [24.9-40.0]	34.6 [26.4-42.5]	NA	NA
Switzerland	2025	22.7 [17.0-29.0]	16.5 [12.2-21.6]	NA	NA
Switzerland	2020	24.7 [19.3-31.0]	18.1 [13.9-22.6]	NA	NA
Switzerland	2015	26.9 [21.7-32.4]	19.7 [16.2-23.9]	NA	NA
Switzerland	2012	28.3 [23.8-33.8]	20.9 [17.7-24.8]	NA	NA
Switzerland	2010	29.2 [24.0-34.3]	21.7 [18.0-25.4]	NA	NA
Switzerland	2005	31.8 [27.0-37.6]	23.8 [19.6-27.6]	NA	NA
Switzerland	2000	35.0 [29.2-41.3]	26.1 [22.3-30.9]	NA	NA
Syrian Arab Republic	2010	NA	NA	31.6	17.4
Syrian Arab Republic	2007	NA	NA	38.6	19.5
Syrian Arab Republic	2002	NA	NA	22.9	15
Tajikistan	2004	NA	NA	6.8	2.8
Thailand	2025	38.3 [29.8-48.3]	1.9 [1.2-2.5]	NA	NA
Thailand	2020	39.7 [31.7-48.8]	2.1 [1.5-2.6]	NA	NA
Thailand	2015	41.4 [34.8-49.7]	2.3 [1.8-2.8]	NA	NA
Thailand	2012	42.3 [35.4-49.4]	2.4 [2.0-2.9]	NA	NA
Thailand	2010	43.2 [37.0-50.6]	2.5 [2.1-3.0]	NA	NA
Thailand	2009	NA	NA	26.9	9.2
Thailand	2005	44.9 [37.3-51.7]	2.8 [2.4-3.3]	21.7	8.4
Thailand	2000	46.6 [39.2-54.4]	3.1 [2.5-3.6]	NA	NA
Republic of North Macedonia	2008	NA	NA	11.9	11.7
Republic of North Macedonia	2003	NA	NA	9.6	8.2
Timor-Leste	2013	NA	NA	65.5	23.9
Timor-Leste	2009	NA	NA	39.7	23.8
Timor-Leste	2006	NA	NA	54.5	29.8
Togo	2013	NA	NA	11.3	4.3
Togo	2007	NA	NA	17.7	7.9
Togo	2002	NA	NA	19.6	9.7
Tonga	2025	44.0 [23.8-67.9]	11.9 [5.8-18.0]	NA	NA
Tonga	2020	45.6 [26.8-63.4]	12.4 [7.7-17.8]	NA	NA
Tonga	2015	47.3 [32.9-62.3]	13.0 [8.7-17.0]	NA	NA
Tonga	2012	48.4 [36.2-59.7]	13.3 [10.0-16.8]	NA	NA
Tonga	2010	49.3 [36.7-60.1]	13.6 [10.5-17.0]	44.9	28
Tonga	2005	51.8 [41.9-63.3]	14.3 [11.1-17.6]	NA	NA
Tonga	2000	54.4 [40.7-70.2]	15.1 [11.0-19.5]	NA	NA
Trinidad and Tobago	2011	NA	NA	20	16.3
Trinidad and Tobago	2007	NA	NA	20.8	17.8
Trinidad and Tobago	2000	NA	NA	18	10.3
Tunisia	2010	NA	NA	20.1	3.8
Tunisia	2007	NA	NA	27.8	8.8
Tunisia	2001	NA	NA	24.9	6
Turkey	2025	30.7 [20.5-42.6]	9.2 [5.9-12.5]	NA	NA
Turkey	2020	34.7 [24.6-43.8]	10.6 [7.9-13.9]	NA	NA
Turkey	2015	39.5 [31.6-49.6]	12.4 [9.5-15.1]	NA	NA
Turkey	2012	42.7 [34.1-50.2]	13.5 [11.0-16.5]	20.3	12.8
Turkey	2010	45.0 [36.6-52.9]	14.4 [11.8-17.1]	NA	NA
Turkey	2009	NA	NA	14.4	7.4
Turkey	2005	51.5 [41.7-61.8]	16.7 [13.5-19.8]	NA	NA
Turkey	2003	NA	NA	11.1	4.4
Turkey	2000	58.7 [44.8-71.7]	19.7 [15.1-24.2]	NA	NA
Tuvalu	2006	NA	NA	41.6	32.7
Uganda	2025	11.8 [5.9-18.3]	2.1 [1.0-3.3]	NA	NA
Uganda	2020	13.8 [8.4-20.2]	2.4 [1.5-3.6]	NA	NA
Uganda	2015	16.4 [10.8-22.1]	2.9 [1.9-3.9]	NA	NA
Uganda	2012	18.1 [13.0-23.6]	3.2 [2.2-4.3]	NA	NA
Uganda	2011	NA	NA	19.3	15.8
Uganda	2010	19.3 [14.5-26.2]	3.4 [2.4-4.3]	NA	NA
Uganda	2007	NA	NA	17.3	15.3
Uganda	2005	23.1 [16.7-30.5]	4.0 [2.8-5.2]	NA	NA
Uganda	2000	27.5 [18.7-37.4]	4.8 [3.3-6.6]	NA	NA
Ukraine	2025	43.6 [30.8-55.9]	13.0 [8.5-17.4]	NA	NA
Ukraine	2020	46.3 [35.6-59.0]	13.5 [10.3-17.4]	NA	NA
Ukraine	2015	49.4 [40.1-59.8]	14.0 [11.0-17.1]	NA	NA
Ukraine	2012	51.4 [43.0-61.3]	14.4 [11.4-17.0]	NA	NA
Ukraine	2011	NA	NA	22.6	15.7
Ukraine	2010	52.6 [44.1-63.2]	14.6 [12.3-17.9]	NA	NA
Ukraine	2005	56.4 [47.0-66.1]	15.1 [12.5-18.0]	29.8	22.2
Ukraine	2000	60.2 [49.2-72.9]	15.9 [12.5-19.2]	NA	NA
United Arab Emirates	2005	NA	NA	25.2	13.2
United Kingdom of Great Britain and Northern Ireland	2025	15.0 [9.0-21.7]	13.7 [8.4-19.7]	NA	NA
United Kingdom of Great Britain and Northern Ireland	2020	17.3 [12.4-23.5]	15.9 [11.1-22.3]	NA	NA
United Kingdom of Great Britain and Northern Ireland	2015	19.9 [16.1-25.9]	18.4 [14.0-23.7]	NA	NA
United Kingdom of Great Britain and Northern Ireland	2012	21.8 [17.6-27.2]	20.1 [15.5-25.0]	NA	NA
United Kingdom of Great Britain and Northern Ireland	2010	23.0 [19.0-28.7]	21.4 [17.1-26.5]	NA	NA
United Kingdom of Great Britain and Northern Ireland	2005	26.8 [21.9-32.0]	24.7 [20.5-29.8]	NA	NA
United Kingdom of Great Britain and Northern Ireland	2000	31.3 [24.6-37.9]	28.9 [22.7-35.1]	NA	NA
United Republic of Tanzania	2025	23.2 [12.6-37.7]	3.2 [1.5-5.4]	NA	NA
United Republic of Tanzania	2020	25.1 [16.2-37.1]	3.5 [1.9-5.5]	NA	NA
United Republic of Tanzania	2015	27.5 [19.7-36.9]	3.8 [2.1-5.6]	NA	NA
United Republic of Tanzania	2012	29.2 [21.4-37.6]	4.0 [2.4-6.0]	NA	NA
United Republic of Tanzania	2010	30.3 [22.3-38.7]	4.1 [2.5-6.1]	NA	NA
United Republic of Tanzania	2005	33.8 [23.0-44.6]	4.5 [2.4-6.7]	NA	NA
United Republic of Tanzania	2000	37.6 [23.6-52.9]	4.9 [2.4-8.2]	NA	NA
United States of America	2025	15.4 [11.2-19.5]	11.4 [8.2-14.9]	NA	NA
United States of America	2020	17.4 [13.6-21.2]	13.0 [10.0-16.5]	NA	NA
United States of America	2015	19.5 [15.7-23.6]	15.0 [12.1-18.1]	NA	NA
United States of America	2012	21.0 [17.1-24.6]	16.3 [13.6-19.6]	NA	NA
United States of America	2011	NA	NA	12.4	10
United States of America	2010	22.0 [18.3-26.1]	17.3 [14.5-20.3]	NA	NA
United States of America	2009	NA	NA	15.4	11.1
United States of America	2005	24.7 [20.8-29.1]	19.9 [16.3-23.2]	NA	NA
United States of America	2004	NA	NA	18.2	15.9
United States of America	2002	NA	NA	20.7	16.2
United States of America	2000	27.7 [22.8-33.2]	23.0 [18.5-27.3]	NA	NA
Uruguay	2025	18.3 [12.4-26.1]	12.8 [8.0-17.3]	NA	NA
Uruguay	2020	22.0 [16.3-29.8]	15.7 [11.1-20.9]	NA	NA
Uruguay	2015	26.7 [21.0-33.2]	19.4 [15.2-24.5]	NA	NA
Uruguay	2012	30.0 [24.2-36.5]	22.0 [17.6-26.4]	NA	NA
Uruguay	2010	32.3 [25.6-38.5]	24.0 [19.2-28.7]	NA	NA
Uruguay	2007	NA	NA	21.4	24.5
Uruguay	2005	39.6 [31.6-47.3]	29.6 [23.5-35.7]	NA	NA
Uruguay	2000	48.1 [37.2-59.0]	36.7 [27.6-46.2]	NA	NA
Uzbekistan	2025	22.7 [9.1-36.9]	1.2 [0.5-2.2]	NA	NA
Uzbekistan	2020	23.8 [12.5-37.4]	1.2 [0.5-2.1]	NA	NA
Uzbekistan	2015	24.9 [16.3-36.9]	1.3 [0.7-2.1]	NA	NA
Uzbekistan	2012	25.9 [16.8-36.7]	1.3 [0.7-2.0]	NA	NA
Uzbekistan	2010	26.5 [18.7-36.0]	1.4 [0.8-2.1]	NA	NA
Uzbekistan	2005	28.1 [20.3-38.0]	1.5 [0.9-2.2]	NA	NA
Uzbekistan	2000	30.1 [20.7-43.1]	1.5 [0.9-2.4]	NA	NA
Vanuatu	2007	NA	NA	34.1	19.6
Venezuela (Bolivarian Republic of)	2010	NA	NA	11	7.2
Venezuela (Bolivarian Republic of)	1999	NA	NA	15.3	13.9
Viet Nam	2025	45.6 [28.9-67.7]	1.0 [0.5-1.5]	NA	NA
Viet Nam	2020	46.2 [32.8-62.2]	1.1 [0.7-1.6]	NA	NA
Viet Nam	2015	47.1 [35.7-58.5]	1.3 [0.9-1.6]	NA	NA
Viet Nam	2012	47.6 [38.3-57.2]	1.4 [1.0-1.7]	NA	NA
Viet Nam	2010	48.3 [39.8-58.6]	1.4 [1.1-1.7]	NA	NA
Viet Nam	2007	NA	NA	6.5	1.5
Viet Nam	2005	49.5 [38.3-58.5]	1.6 [1.3-2.0]	NA	NA
Viet Nam	2000	51.1 [39.1-64.7]	1.9 [1.4-2.4]	NA	NA
Yemen	2014	NA	NA	23.9	9.9
Yemen	2008	NA	NA	14.5	10.5
Yemen	2003	NA	NA	19.7	13.7
Zambia	2025	24.8 [11.2-41.5]	3.9 [1.3-7.0]	NA	NA
Zambia	2020	25.5 [13.7-37.4]	4.2 [2.0-7.2]	NA	NA
Zambia	2015	26.5 [16.8-36.8]	4.6 [2.6-7.4]	NA	NA
Zambia	2012	27.3 [18.3-35.7]	4.8 [2.6-7.1]	NA	NA
Zambia	2011	NA	NA	24.9	25.8
Zambia	2010	27.8 [20.5-36.2]	5.0 [3.1-7.2]	NA	NA
Zambia	2005	29.3 [22.4-37.0]	5.5 [3.7-7.6]	NA	NA
Zambia	2000	31.0 [23.6-40.5]	6.1 [4.1-8.6]	NA	NA
Zimbabwe	2025	30.3 [16.0-46.9]	1.7 [0.5-2.9]	NA	NA
Zimbabwe	2020	30.6 [19.1-43.8]	1.9 [0.9-3.2]	NA	NA
Zimbabwe	2015	31.2 [22.5-40.6]	2.1 [1.1-3.1]	NA	NA
Zimbabwe	2012	31.5 [24.2-40.6]	2.3 [1.3-3.4]	NA	NA
Zimbabwe	2010	31.8 [24.1-39.4]	2.4 [1.4-3.4]	NA	NA
Zimbabwe	2005	32.5 [24.8-40.1]	2.7 [1.7-3.9]	NA	NA
Zimbabwe	2000	33.5 [24.5-43.5]	3.1 [1.9-4.3]	NA	NA
